,Code,Description
1,m5a3,A3. Number of months ago child stopped living with you
2,m5a3b ,A3B. Child's foster parents related to you
3,m5a3b1a ,A3B1A. Person taking care of child receives payment
4,m5a3c ,A3C. Number of months child been living there
5,m5a3d ,A3D. You expect child to live with you again during coming year
6,m5a3e ,A3E. Number of days you saw child in past 30 days
7,m5a3e2,A3E2. You have seen child in the last year
8,m5a3f ,A3F. Who child lives with when not living with you
9,m5a3g ,A3G. Number of days child lived with you in past 30 days
10,m5a4,A4. Your relationship with the child's biofather now
11,m5a4b ,A4B. Month father died
12,m5a4b2,A4B2. Year father died
13,m5a4c ,A4C. Cause of father's death
14,m5a4e1,A4E1. Month you and father got married
15,m5a4e2,A4E2. Year you and father got married
16,m5a4g1,A4G1. Month you and father started living together
17,m5a4g2,A4G2. Year you and father started living together
18,m5a4h1,A4H1. Month you and father separated/divorced
19,m5a4h2,A4H2. Year you and father separated/divorced
20,m5a4j1,A4J1. Month your romantic relationship with father ended
21,m5a4j2,A4J2. Year your romantic relationship with father ended
22,m5a4k ,A4K. Why your romantic relationship with father ended
23,m5a4m ,A4M. How often you and father see or talk to each other
24,m5a5,"A5. Not including yourself and child, number of people currently living with you"
25,m5a51 ,"A5. Not including yourself and child, number of people currently living with you"
26,m5a5b01 ,A5B. Gender of household member
27,m5a5c01 ,A5C. Age of household member
28,m5a5c01a,A5C2. Age range of household member
29,m5a5d01 ,A5D. Household member's relationship to you
30,m5a5e01 ,A5E. Household member currently working
31,m5a5b02 ,A5B. Gender of household member
32,m5a5c02 ,A5C. Age of household member
33,m5a5c02a,A5C2. Age range of household member
34,m5a5d02 ,A5D. Household member's relationship to you
35,m5a5e02 ,A5E. Household member currently working
36,m5a5b03 ,A5B. Gender of household member
37,m5a5c03 ,A5C. Age of household member
38,m5a5c03a,A5C2. Age range of household member
39,m5a5d03 ,A5D. Household member's relationship to you
40,m5a5e03 ,A5E. Household member currently working
41,m5a5b04 ,A5B. Gender of household member
42,m5a5c04 ,A5C. Age of household member
43,m5a5c04a,A5C2. Age range of household member
44,m5a5d04 ,A5D. Household member's relationship to you
45,m5a5e04 ,A5E. Household member currently working
46,m5a5b05 ,A5B. Gender of household member
47,m5a5c05 ,A5C. Age of household member
48,m5a5c05a,A5C2. Age range of household member
49,m5a5d05 ,A5D. Household member's relationship to you
50,m5a5e05 ,A5E. Household member currently working
51,m5a5b06 ,A5B. Gender of household member
52,m5a5c06 ,A5C. Age of household member
53,m5a5c06a,A5C2. Age range of household member
54,m5a5d06 ,A5D. Household member's relationship to you
55,m5a5e06 ,A5E. Household member currently working
56,m5a5b07 ,A5B. Gender of household member
57,m5a5c07 ,A5C. Age of household member
58,m5a5c07a,A5C2. Age range of household member
59,m5a5d07 ,A5D. Household member's relationship to you
60,m5a5e07 ,A5E. Household member currently working
61,m5a5b08 ,A5B. Gender of household member
62,m5a5c08 ,A5C. Age of household member
63,m5a5c08a,A5C2. Age range of household member
64,m5a5d08 ,A5D. Household member's relationship to you
65,m5a5e08 ,A5E. Household member currently working
66,m5a5b09 ,A5B. Gender of household member
67,m5a5c09 ,A5C. Age of household member
68,m5a5c09a,A5C2. Age range of household member
69,m5a5d09 ,A5D. Household member's relationship to you
70,m5a5e09 ,A5E. Household member currently working
71,m5a5b10 ,A5B. Gender of household member
72,m5a5c10 ,A5C. Age of household member
73,m5a5c10a,A5C2. Age range of household member
74,m5a5d10 ,A5D. Household member's relationship to you
75,m5a5e10 ,A5E. Household member currently working
76,m5a5b11 ,A5B. Gender of household member
77,m5a5c11 ,A5C. Age of household member
78,m5a5c11a,A5C2. Age range of household member
79,m5a5d11 ,A5D. Household member's relationship to you
80,m5a5e11 ,A5E. Household member currently working
81,m5a6,A6. Biological children living apart from you
82,m5a6a ,A6A. Number of biological children living apart from you
83,m5a6c01 ,A6C. Age of biological child in A6B
84,m5a6c02 ,A6C. Age of biological child in A6B
85,m5a6c03 ,A6C. Age of biological child in A6B
86,m5a6c04 ,A6C. Age of biological child in A6B
87,m5a6c05 ,A6C. Age of biological child in A6B
88,m5a6c06 ,A6C. Age of biological child in A6B
89,m5a6c07 ,A6C. Age of biological child in A6B
90,m5a6c08 ,A6C. Age of biological child in A6B
91,m5a6c09 ,A6C. Age of biological child in A6B
92,m5a6c10 ,A6C. Age of biological child in A6B
93,m5a6e ,A6E. Biological children who do not live with you all live in same place
94,m5a6f01 ,A6F. Who biological child in A6B is currently living with
95,m5a6f02 ,A6F. Who biological child in A6B is currently living with
96,m5a6f03 ,A6F. Who biological child in A6B is currently living with
97,m5a7,A7. Any children that have died
98,m5a7a ,A7A. Number of children who died
99,m5a8,A8. Confirm number of biological children.
100,m5a8a ,A8A. Number of biological children in total
101,m5a8a2,A8A2. Correct the number of biological children living with you or elsewhere.
102,m5a8b01 ,A8B. First name of father of biological child n
103,m5a8f01 ,A8F. Your relationship with the father at biological child's birth
104,m5a8b02 ,A8B. First name of father of biological child n
105,m5a8f02 ,A8F. Your relationship with the father at biological child's birth
106,m5a8b03 ,A8B. First name of father of biological child n
107,m5a8f03 ,A8F. Your relationship with the father at biological child's birth
108,m5a8b04 ,A8B. First name of father of biological child n
109,m5a8f04 ,A8F. Your relationship with the father at biological child's birth
110,m5a8b05 ,A8B. First name of father of biological child n
111,m5a8f05 ,A8F. Your relationship with the father at biological child's birth
112,m5a8b06 ,A8B. First name of father of biological child n
113,m5a8f06 ,A8F. Your relationship with the father at biological child's birth
114,m5a8b07 ,A8B. First name of father of biological child n
115,m5a8f07 ,A8F. Your relationship with the father at biological child's birth
116,m5a8b08 ,A8B. First name of father of biological child n
117,m5a8f08 ,A8F. Your relationship with the father at biological child's birth
118,m5a8b09 ,A8B. First name of father of biological child n
119,m5a8f09 ,A8F. Your relationship with the father at biological child's birth
120,m5a8b10 ,A8B. First name of father of biological child n
121,m5a8f10 ,A8F. Your relationship with the father at biological child's birth
122,m5a10 ,A10. Number of romantic relationships you had that lasted at least 1 month
123,m5a101,A101. Number of romantic relationships you had that lasted at least 1 month
124,m5a10a,A10A. Number range of romantic relationships you had that lasted at least 1 mont
125,m5a11 ,A11. Lived together with partner(s) for one month or more
126,m5a11a,A11A. Number of different partners you lived with for one month or more
127,m5a11b,A11B. Married any of these partners
128,m5b2,B2. Father has seen child in past year
129,m5b2a ,B2A. Number of days father has seen child in past 30 days
130,m5b2b ,B2B. Child stayed overnight with father during last 12 months
131,m5b2c ,B2C. Number of nights child spent with father during last 12 months
132,m5b2c1,B2C1. Range of nights child spent with father during last 12 months
133,m5b2e ,B2E. Kind of father that father is to child
134,m5b3,B3. Frequency father spent one or more hours a day with child
135,m5b3b ,B3B. Main reason father doesn't see child more often
136,m5b4,B4. Ever asked father to spend more time with child
137,m5b4a ,B4A. Ever refused to let father see child
138,m5b6a ,B6A. Father's legal paternity has been established
139,m5b6a1,B6A1. Primary reason that legal paternity has not been established
140,m5b8a ,B8A. Have a legal agreement or child support order
141,m5b8b ,B8B. Primary reason that you do not have child support order
142,m5b8d ,B8D. Ever contacted any government agency to find out about child support
143,m5b9,B9. Month legal agreement first reached
144,m5b91 ,B91. Year legal agreement first reached
145,m5b10a,B10A. Legal agreement for child or for other children as well
146,m5b11 ,B11. Any changes to your legal agreement or child support order
147,m5b11b1 ,B11B1. Month the original agreement changed
148,m5b11b2 ,B11B2. Year the original agreement changed
149,m5b12 ,B12. Amount payments are supposed to be per month
150,m5b12a,B12A. Amount payments are supposed to be per month
151,m5b12b,B12B. Unit: Amount payments are supposed to be per month
152,m5b14 ,B14. Payments are supposed to be received directly from some source
153,m5b15 ,B15. How often father pays on time
154,m5b16 ,B16. Amount of child support father has actually paid in last year
155,m5b16a,B16A. Approximate amount of child support father has actually paid in last year
156,m5b16b,B16B. Father has given money directly instead of formal child support in past ye
157,m5b16c,B16C. Amount received directly from father in past year
158,m5b16d,B16D. Range for amount received directly from father in past year
159,m5b17 ,B17. Father has arrears on child support that he is supposed to pay
160,m5b17a,B17A. Amount of arrears on child support
161,m5b17b,B17B. Range for amount of arrears on child support
162,m5b17c,B17C. Action has been taken by government to get father to pay what he owes
163,m5b18a,B18A. Child support agreement specifies something about father's visits
164,m5b18b,B18B. Days per month child is supposed to spend with father
165,m5b18c,B18C. Days per month child is supposed to spend with father
166,m5b21 ,B21. Father paid anything toward child's support in past 12 months
167,m5b21a,B21A. Amount received from father in past 12 months
168,m5b21b,B21B. Range for amount received from father in past 12 months
169,m5b22a,B22A. How often father buys clothes for child
170,m5b22b,B22B. How often father buys toys for child
171,m5b22c,B22C. How often father buys medicine for child
172,m5b22d,B22D. How often father buys food for child
173,m5b22e,B22E. How often father buys camp or school tuition for child
174,m5b22f,B22F. How often father buys school supplies for child
175,m5b22g,B22G. How often father buys entertainment items for child
176,m5b22h,B22H. How often father buys personal items for child
177,m5b22i,B22I. How often father buys anything else for child
178,m5b23 ,B23. Father had children with another woman since last interview
179,m5b24 ,B24. Number of children father had with another woman since last interview
180,m5b24a,B24A. Father lives with children he had with another woman
181,m5b25 ,B25. Father pays child support for children with other woman
182,m5b27 ,B27. Father lives with or is married to another woman
183,m5b28a,B28A. Approximate miles father lives from your home
184,m5b29 ,B29. What father was doing most of last week
185,m5b30 ,B30. Father has spent any time in jail
186,m5b30c,B30C. How long did he spend in (jail/prison)?
187,m5b30c1 ,B30C1. Unit: Time father spent in jail/prison
188,m5b30d1 ,B30D1. Month father went to jail/prison
189,m5b30d2 ,B30D2. Year father went to jail/prison
190,m5b30e1 ,B30E1. Month father will be released from jail/prison
191,m5b30e2 ,B30E2. Year father will be released from jail/prison
192,m5b31 ,B31. Father has physical or mental health conditions that limit work
193,m5b31a,B31A. Doctor or health professional told father he has/had asthma
194,m5b32 ,B32. Father has problems because of alcohol or drug use
195,m5c1,C1. Mother's relationship with father
196,m5c1a ,C1A. How important that fathers provide regular financial support
197,m5c1b ,C1B. How important that fathers teach children about life
198,m5c1c ,C1C. How important that fathers provide direct care
199,m5c1d ,C1D. How important that fathers show love and affection
200,m5c1e ,C1E. How important that fathers provide protection
201,m5c1f ,C1F. How important that fathers serve as an authority figure
202,m5c2a ,"C2A. When father is with child, he acts like father you want for child"
203,m5c2b ,C2B. You can trust father to take good care of child
204,m5c2c ,C2C. He respects the schedules and rules you make for child
205,m5c2d ,C2D. He supports you in the way you want to raise child
206,m5c2e ,C2E. You and father talk about problems that come up with raising child
207,m5c2f ,C2F. You can count on father to look after child for a few hours
208,m5c2g ,C2G. You respect father's wishes about how child should be raised
209,m5c2h ,C2H. You are critical of the things father does with child
210,m5c3a ,C3A. How often he looks after child when you need to do things
211,m5c3b ,C3B. How often he runs errands for you like picking things up from the store
212,m5c3c ,C3C. How often he fixes things around your home
213,m5c3d ,C3D. How often he takes child places he/she needs to go
214,m5c5a ,C5A. Thought your relationship with father might be in trouble
215,m5c5b ,C5B. You and father discussed ending your relationship
216,m5c5c ,C5C. Talked to a close friend or relative about breaking up with father
217,m5c6a ,C6A. He is fair and willing to compromise when you have a disagreement
218,m5c6b ,C6B. He expresses affection or love for you
219,m5c6c ,C6C. He insults or criticizes you or your ideas
220,m5c6d ,C6D. He encourages or helps you to do things that are important to you
221,m5c6e ,C6E. He tries to keep you from seeing or talking to your friends or family
222,m5c6f ,C6F. He tries to prevent you from going to work or school
223,m5c6g ,"C6G. He withholds money, makes you ask for money, or takes your money"
224,m5c6h ,C6H. He slaps or kicks you
225,m5c6i ,C6I. He hits you with a fist or an object that could hurt you
226,m5c6j ,C6J. He tries to make you have sex or do sexual things you don't want to do
227,m5c6k ,C6K. He withholds sex to try to control your behavior
228,m5c6l ,C6L. He insults/criticizes you for not taking good enough care of child/home
229,m5c6m ,C6M. He throws something at you
230,m5c6n ,"C6N. He pushes, grabs, or shoves you"
231,m5c6o ,C6O. He listens to you when you need someone to talk to
232,m5c6p ,C6P. He really understands your hurts and joys
233,m5c7,C7. You and father had a physical fight in front of child
234,m5c8a ,C8A. You have been seriously hurt in a fight with father
235,m5c8b ,C8B. You went to the hospital for any of these injuries
236,m5c8c ,C8C. You reported the incident to the police
237,m5c8d ,C8D. You told anyone else about this
238,m5c8e ,C8E. Father hurt you in front of child
239,m5c9,C9. Father ever cheated on you with another person after child's birth
240,m5c9a ,C9A. You ever cheated on father with another person after child's birth
241,m5d2,D2. Mother currently involved in a romantic relationship with someone
242,m5d2a2,D2A2. Partner's gender
243,m5d2b ,D2B. Married to current partner
244,m5d2c1,D2C1. Month mother and current partner got married
245,m5d2c2,D2C2. Year mother and current partner got married
246,m5d2d ,D2D. Mother and current partner live together most of the time
247,m5d2e1,D2E1. Month mother and partner started living together
248,m5d2e2,D2E2. Year mother and partner started living together
249,m5d2f ,D2F. How long mother and partner have been romantically involved
250,m5d2f1,D2F1. Number of years mother and partner have been romantically involved
251,m5d2f2,D2F2. Number of months mother and partner have been romantically involved
252,m5d2h ,D2H. Current partner is same partner as reported last interview/four years ago
253,m5d3,D3. Age of current partner
254,m5d4m ,D4M. Current partner's birth month
255,m5d4y ,D4Y. Current partner's birth year
256,m5d5,D5. Current partner's race
257,m5d5a ,D5A. Current partner of Hispanic or Latino origin or descent
258,m5d5b ,"D5B. Current partner is Mexican, Puerto Rican, Cuban, or other Hispanic"
259,m5d6,D6. Highest grade of school current partner has completed
260,m5d6b ,D6B. Grade current partner completed
261,m5d7,D7. What current partner was doing most of last week
262,m5d7a ,D7A. Month and year current partner last worked at a job
263,m5d7b ,D7B. Month current partner last worked at a job
264,m5d7c ,D7C. Year current partner last worked at a job
265,m5d8,D8. Current partner engages in any activities for income or exchange
266,m5d9,D9. Current partner has physical or mental conditions that limit work
267,m5d10 ,D10. Current partner has problems because of alcohol or drug use
268,m5d11 ,D11. Current partner has biological children
269,m5d11a,D11A. Number of biological children current partner has
270,m5d11b,D11B. Number of different partners with whom current partner has had children
271,m5d11d,D11D. Respondant is biological mother to current partner's children
272,m5d13 ,D13. Current partner's biological children live with respondent
273,m5d13b,D13B. Current partner has children who do not reside with respondent
274,m5d13c,D13C. Any of these non-resident children under 18 years old
275,m5d13d,D13D. Current partner pays child support to non-resident children
276,m5d13e,D13E. Current partner visits non-resident children
277,m5d13f,D13F. How well respondent gets along with biological mother of partner's childre
278,m5d18a,D18A. How often current partner looks after child when you need to do things
279,m5d18b,D18B. How often current partner runs errands
280,m5d18c,D18C. How often current partner fixes things around your home
281,m5d18d,D18D. How often current partner takes child places he/she needs to go
282,m5d19a,D19A. Current partner acts like the kind of parent you want for your child
283,m5d19b,D19B. You can trust current partner to take good care of child
284,m5d19c,D19C. Current partner respects the schedules and rules you make for child
285,m5d19d,D19D. Current partner supports you in the way you want to raise child
286,m5d19e,D19E. You and current partner talk about problems with raising child
287,m5d19f,D19F. You can count on current partner when you need someone to look after child
288,m5d20a,D20A. Current partner is fair and willing to compromise when you have a disagree
289,m5d20b,D20B. Current partner expresses affection or love for you
290,m5d20c,D20C. Current partner insults or criticizes you or your ideas
291,m5d20d,D20D. Current partner encourages or helps you to do things that are important to
292,m5d20e,D20E. Current partner tries to keep you from seeing or talking to your friends o
293,m5d20f,D20F. Current partner tries to prevent you from going to work or school
294,m5d20g,"D20G. Current partner withholds money, makes you ask for money, or takes your mo"
295,m5d20h,D20H. Current partner slaps or kicks you
296,m5d20i,D20I. Current partner hits you with a fist or an object that could hurt you
297,m5d20j,D20J. Current partner tries to make you have sex or do sexual things you don't w
298,m5d20k,D20K. Current partner withholds sex to try to control your behavior
299,m5d20l,D20L. Current partner insults/criticizes you for not taking good enough care of
300,m5d20m,D20M. Current partner throws something at you
301,m5d20n,"D20N. Current partner pushes, grabs, or shoves you"
302,m5d20o,D20O. Current partner listens to you when you need someone to talk to
303,m5d20p,D20P. Current partner really understands your hurts and joys
304,m5d21 ,D21. You and current partner had a physical fight in front of child in last year
305,m5d22 ,D22. You have been seriously hurt in a fight with current partner in last 12 mon
306,m5d22a,D22A. You went to the hospital for any of these injuries
307,m5d22b,D22B. You reported the incident to the police
308,m5d22c,D22C. You told anyone else about this
309,m5d22d,D22D. Current partner hurt you in front of child
310,m5d23 ,D23. Current partner has spent time in jail/prison
311,m5e1a ,E1A. Country or territory where mother's father was born
312,m5e1b ,E1B. Country or territory where mother's mother was born
313,m5e1d ,E1D. United States citizen
314,m5e1e ,E1E. Highest grade of school that mother's biological mother completed
315,m5e1e1,E1E1. Grade completed by mother's biological mother
316,m5e1f ,E1F. Highest grade of school mother's biological father completed
317,m5e1f1,E1F1. Grade mother's biological father completed
318,m5e1g ,E1G. Both of mother's parents living
319,m5e1h ,E1H. Mother's parents currently living together
320,m5e1i ,E1I. How far away from mother are mother's parents living
321,m5e1j ,E1J. Child sees mother's parents
322,m5e1k ,E1K. Child spends the night with mother's parents
323,m5e1m ,E1M. Father's parents living
324,m5e1n ,E1N. Father's parents currently living together
325,m5e1o ,E1O. How far away from mother are father's parents living
326,m5e1p ,E1P. How often child sees father's parents
327,m5e1q ,E1Q. How often child spends the night with father’s parents
328,m5e2,E2. Financial help or money from anyone other than father
329,m5e2b ,E2B. Amount of financial help or money mother was given in past 12 months
330,m5e2c ,E2C. Range of amount of financial help/money mother was given in past 12 mos.
331,m5e3,E3. Mother could count on someone to loan her $200 during the next year
332,m5e3a ,E3A. Mother could count on someone to loan her $1000 during the next year
333,m5e4,E4. Mother could count on someone to provide her with a place to live
334,m5e5,E5. Mother could count on someone to help her with emergency child care
335,m5e6,E6. Mother could count on someone to co-sign for a bank loan for $1000
336,m5e6a ,E6A. Mother could count on someone to co-sign for a bank loan for $5000
337,m5e6b ,E6B. Someone would pay for child's extracurricular activities mother can't affor
338,m5e7,E7. Any special person mother feels close with and can depend on
339,m5f1,F1. Mother has moved in the last four years
340,m5f1a ,F1A. Number of times have you have moved in the last four years
341,m5f2,F2. Your current housing situation
342,m5f3,F3. Approximate value of home
343,m5f3a ,F3A. Amount owed on this house
344,m5f3b ,F3B. Monthly mortgage payments
345,m5f3b1,F3B1. Name on the mortgage for this house
346,m5f4,F4. Amount of rent paid each month
347,m5f4a ,F4A. Name on the lease for this apartment/house/condo
348,m5f4b ,F4B. Required to report your income and assets to your landlord annually
349,m5f5,F5. Home is in a public housing project
350,m5f6,"F6. The federal, state, or local government helps to pay for your rent"
351,m5f7a ,F7A. Received help from an employment office in past 12 months
352,m5f7b ,F7B. Received help from a welfare office or welfare job placement in past 12 mon
353,m5f7c ,F7C. Received help from any other agency in past 12 months
354,m5f8a1,F8A1. Received income from welfare/TANF in last 12 months
355,m5f8b1,F8B1. Number of months received income from welfare/TANF in last 12 months
356,m5f8c1,F8C1. Approximate amount received in the last month you received welfare/TANF
357,m5f8a2,F8A2. Received income from food stamps/EBT in last 12 months
358,m5f8b2,F8B2. Number of months received income from food stamps/EBT in last 12 months
359,m5f8c2,F8C2. Approximate amount received in the last month you received food stamps/EBT
360,m5f8a3,F8A3. Received income from other assistance in last 12 months
361,m5f8b3,F8B3. Number of months received income from other assistance in last 12 months
362,m5f8c3,F8C3. Approximate amount received in the last month you received other assistanc
363,m5f10 ,F10. Currently receiving welfare or TANF
364,m5f11 ,F11. Length of time you have been receiving welfare this time
365,m5f11a,F11A. Number of years you have been receiving welfare this time
366,m5f11b,F11B. Number of months you been receiving welfare this time
367,m5f12 ,F12. Received welfare or TANF at any time over the last four years
368,m5f13 ,F13. Month you last received welfare or TANF
369,m5f13a,F13A. Year you last received welfare or TANF
370,m5f14 ,F14. Reason stopped receiving welfare/TANF benefits
371,m5f14a,F14A. Reason you decided to stop receiving cash aid
372,m5f14b,F14B. Reason the welfare office stopped or cut off your cash aid
373,m5f16 ,F16. Required to do anything in return for welfare benefits
374,m5f17 ,F17. Welfare benefits cut in past 12 months because you did not fulfill requirem
375,m5f18 ,F18. Ever a time in past 12 months you thought you might be eligible for welfare
376,m5f18a,F18A. You applied for welfare in the past 12 months
377,m5f18b,F18B. Result of welfare application
378,m5f18c,F18C. Reason you did not apply for welfare
379,m5f18d,F18D. You or child received Supplemental Security Income in the past 12 months
380,m5f18e,F18E. Who has received SSI in past 12 months
381,m5f18f,F18F. Number of months you received SSI in past 12 months
382,m5f18g,F18G. Approximate amount you received each month from SSI
383,m5f20 ,F20. Ever a time in past 12 months you might be eligible for food stamps/EBT
384,m5f20a,F20A. You applied for food stamps/EBT in the past 12 months
385,m5f20b,F20B. Result of food stamps/EBT application
386,m5f21 ,F21. Filled out a federal tax return for 2005 or 2006
387,m5f22 ,"F22. Filled out a special form to claim Earned Income Credit, Schedule EIC"
388,m5f23a,F23A. Received free food or meals in past 12 months
389,m5f23b,F23B. Were hungry but didn't eat because couldn't afford food in past 12 months
390,m5f23c,F23C. Did not pay full amount of rent/mortgage payments in past 12 months
391,m5f23d,F23D. Were evicted from home/apartment for not paying rent in past 12 months
392,m5f23e,F23E. Did not pay full amount of gas/oil/electricity bill in past 12 months
393,m5f23f,F23F. Gas/electric service turned off because not enough money in past 12 months
394,m5f23g,F23G. Borrowed money from friends/family to help pay bills in past 12 months
395,m5f23h,F23H. Moved in with other people because of financial problems in past 12 months
396,m5f23i,F23I. Stayed at shelter/other place not meant for regular housing in past 12 mon
397,m5f23j,F23J. Someone in hh needed to see doctor but couldn't because of cost in past 12
398,m5f23k,F23K. Telephone service disconnected because wasn't enough money in past 12 mont
399,m5f23l,F23L. Number of days in past 12 months you were without phone service
400,m5f24 ,F24. You were stopped by police but not picked up/arrested since last interview
401,m5f25 ,F25. You have been booked/charged with breaking a law since last interview
402,m5f26 ,F26. You currently have charges pending against you
403,m5f26a,F26A. Number of charges you currently have pending
404,m5f27 ,F27. Convicted of any charges since last interview
405,m5f27a,F27A. Number of times convicted of something since last interview
406,m5f28b,F28B. You have ever spent time in a correctional institution
407,m5f28c,F28C. You spent time in a youth correctional institution
408,m5f28d,F28D. Number of months served in youth institutions
409,m5f28e,F28E. You spent time in an adult correctional institution
410,m5f28f,F28F. Amount of time served in adult institutions
411,m5f28f1 ,F28F1. Unit of time served in adult institutions
412,m5f28h,F28H. Age when first sent to a correctional institution
413,m5f28i1 ,F28I1. Month your most recent incarceration started
414,m5f28i2 ,F28I2. Year your most recent incarceration started
415,m5f28j1 ,F28J3. Year you were released the most recent time from incarceration
416,m5f28j2 ,F28J2. Month you were released the most recent time from incarceration
417,m5f28j3 ,F28J3. Year you were released from incarceration
418,m5f29 ,F29. Ever required to perform community service or ever been on probation
419,m5g0,G0. How satisfied you are with your life overall
420,m5g1,G1. Your health status in general
421,m5g2,G2. You have a serious health problem that limits the work you can do
422,m5g2a3,G2A3. Doctor or health professional told you that you have/had asthma
423,m5g2b ,G2B. You regularly take prescribed medication for physical/mental health problem
424,m5g2b1a ,G2B1A. You take prescribed medication for diabetes
425,m5g2b1b ,G2B1B. You take prescribed medication for Asthma
426,m5g2b1c ,G2B1C. You take prescribed medication for High Blood Pressure
427,m5g2b1d ,G2B1D. You take prescribed medication for Depression
428,m5g2b1e ,G2B1E. You take prescribed medication for Anxiety
429,m5g2b1f ,G2B1F. You take prescribed medication for Attention Deficit
430,m5g2b1g ,G2B1G. You take prescribed medication for pain
431,m5g2b1h ,G2B1H. You take prescribed medication for Seizures or Epilepsy
432,m5g2b1i ,G2B1I. You take prescribed medication for anything else (specify)
433,m5g2c ,G2C. Have stayed overnight in hospital or gone to ER in past 12 months
434,m5g2d ,G2D. Number of stays overnight in a hospital in the past 12 months
435,m5g2d1,G2D1. Number of times gone to ER for your own injury/illness in past 12 months
436,m5g2e ,G2E. You are currently covered by any type of health insurance
437,m5g3,G3. Felt sad/blue/depressed for 2 or more weeks in a row during past 12 months
438,m5g4,G4. Length of time feelings usually lasted during that 2 week period
439,m5g5,G5. Frequency you felt this way during those 2 weeks
440,m5g6,"G6. During those 2 weeks, lost interest in things that usually give you pleasure"
441,m5g7,G7. 2 wks during past 12 mos. when you lost interest in things that give pleasur
442,m5g8,G8. Length of time loss of interest usually lasted during that 2 week period
443,m5g9,G9. Frequency you felt this way during those 2 weeks
444,m5g10 ,G10. Felt more tired out or low on energy than usual during those 2 weeks
445,m5g11 ,G11. Gained or lost weight without trying during those 2 weeks
446,m5g11a,G11A. Number of pounds gained or lost during those 2 weeks
447,m5g12 ,G12. You had more trouble falling asleep than usual during those 2 weeks
448,m5g12a,G12A. Frequency had trouble falling asleep during those 2 weeks
449,m5g13 ,G13. You had more trouble concentrating than usual during those 2 weeks
450,m5g14 ,"G14. You felt down on yourself, no good, or worthless during that 2 week period"
451,m5g15 ,G15. You thought about death during those 2 weeks
452,m5g16a,G16A. I have little control over the things that happen to me
453,m5g16b,G16B. There is really no way I can solve some of the problems I have
454,m5g16c,G16C. There is little I can do to change many of the important things in my life
455,m5g16d,G16D. I often feel helpless in dealing with problems
456,m5g16e,G16E. Sometimes I feel that I’m being pushed around
457,m5g17 ,G17. You smoked cigarettes in the past month
458,m5g18 ,G18. Number of packs per day you usually smoke
459,m5g19 ,G19. The largest number of drinks you had in any single day in past 12 months
460,m5g19a,G19A. Frequency you had 4 or more drinks in one day in past 12 months
461,m5g20 ,Drinking/hangover interfered with work at school/job/home during past 12 months
462,m5g21a,G21A. Used sedatives on your own during past 12 months
463,m5g21b,G21B. Used tranquilizers on your own during past 12 months
464,m5g21c,G21C. Used amphetamines/other stimulants on your own during past 12 months
465,m5g21d,G21D. Used analgesics/prescription painkillers on your own during past 12 months
466,m5g21e,G21E. Used inhalants on your own during past 12 months
467,m5g21f,G21F. Used marijuana/hashish on your own during past 12 months
468,m5g21g,G21G. Used cocaine/crack/free base on your own during past 12 months
469,m5g21h,G21H. Used LSD/other hallucinogens on your own during past 12 months
470,m5g21i,G21I. Used heroin on your own during past 12 months
471,m5g21k,G21K. Frequency you used those drugs in past 12 months
472,m5g22k,G22K. Use of substances in past 12 mos. interfered with work at school/job/home
473,m5g23 ,G23. Received counseling/therapy/treatment for personal problems in past 12 mos.
474,m5g24 ,G24. Ever had a spell/attack when you felt frightened/anxious/uneasy
475,m5g25 ,G25. Ever had a period of 1 mo. or more when most of time you felt worried/anxio
476,m5g25a,G25A. The longest period you felt worried or anxious
477,m5g25b,G25B. Number of years you felt worried or anxious
478,m5g25c,G25C. Number of months felt worried or anxious
479,m5g27 ,G27. Ever had period lasting 2 yrs. or more when you felt depressed/sad most day
480,m5g27a,G27A. Period like that ever lasted 2 yrs. without feeling OK for 2 mos.
481,m5g28 ,G28. Ever had 2 wks. or more when felt sad/blue/depressed nearly every day
482,m5g29 ,G29. Ever had 2 wks. or more when felt down in the dumps/low/grumpy nearly every
483,m5g30 ,G30. Ever been 2 wks. or more when lost interest in things you usually did for f
484,m5g31 ,G31. Ever completely lost all interest in things you usually liked to do for fun
485,m5g32 ,G32. Ever period of at least 2 days when so happy/excited you got into trouble
486,m5g33 ,G33. Ever period of several days when so irritable that you threw/broke things
487,m5g34 ,G34. Age when you first got your period
488,m5g35 ,G35. Age when you had sexual intercourse for the first time
489,m5h1,H1. My religious faith is an important guide for my daily life
490,m5h2,H2. Frequency you attend religious services
491,m5h3,H3. You had a religious experience that transformed your life since last intervi
492,m5i1,I1. You are currently attending any school/trainings program/classes
493,m5i2a ,I2A. Attending GED or ABE
494,m5i3,I3. Have completed training programs or years of schooling since last interview
495,m5i3a1,I3A1. Grade completed
496,m5i3a2,I3A2. Completed GED or ABE
497,m5i3b ,I3B. You have taken classes to improve job skills since last interview
498,m5i3c ,I3C. You received any kind of employment counseling since last interview
499,m5i4,I4. You did regular work for pay last week
500,m5i5,I5. You are currently looking for a regular job
501,m5i6,I6. Length of time you have been looking for a regular job
502,m5i7,I7. Reason you are not looking for a regular job
503,m5i8,I8. The hourly wage for which you would take a job
504,m5i8a ,I8A. The hourly wage for which you would take a job
505,m5i9,I9. Date you last worked at a regular job lasting 2 weeks in a row or more
506,m5i9a ,I9A. Month you last worked at a regular job lasting 2 weeks in a row or more
507,m5i9b ,I9B. Year you last worked at a regular job lasting 2 weeks in a row or more
508,m5i10 ,I10. Number of hours you usually work per week
509,m5i11 ,I11. You work for yourself or for someone else in this job
510,m5i13 ,I13. Amount you usually earn in this job before taxes/deductions
511,m5i13p,I13P. Unit: Amount you usually earn in this job before taxes/deductions
512,m5i14a1 ,I14A1. At your primary job you regularly work weekdays
513,m5i14a2 ,I14A2. At your primary job you regularly work evenings
514,m5i14a3 ,I14A3. At your primary job you regularly work nights
515,m5i14a4 ,I14A4. At your primary job you regularly work weekends
516,m5i14a5 ,I14A5. At your primary job you regularly work different times each week
517,m5i14b1 ,I14B1. You sometimes also work weekdays
518,m5i14b2 ,I14B2. You sometimes also work evenings
519,m5i14b3 ,I14B3. You sometimes also work nights
520,m5i14b4 ,I14B4. You sometimes also work weekends
521,m5i14c,I14C. You belong to a labor union
522,m5i14d,I14D. Number of years you belonged to a labor union
523,m5i14f,I14F. Number of months you belonged to a labor union
524,m5i16a,I16A. My shift and work schedule cause extra stress for me and my child
525,m5i16b,I16B. Where I work it is difficult to deal with child care problems
526,m5i16c,I16C. In my work schedule I have enough flexibility to handle family needs
527,m5i17 ,I17. In past 12 months you worked more than one regular job at the same time
528,m5i18 ,I18. Hrs/week you usually worked altogether while working more than one job
529,m5i19 ,I19. Amount earned from all regular jobs in past 12 months
530,m5i19a,I19A. Amount earned from all regular jobs in past 12 months
531,m5i20 ,I20. Range of amount earned from all regular jobs in past 12 months
532,m5i21 ,I21. Number of weeks you worked at all regular jobs in past 12 months
533,m5i22 ,I22. Number of regular jobs lasting 2 wks or more you have had in past 12 months
534,m5i23 ,I23. Range of regular jobs lasting 2 wks or more you have had in past 12 months
535,m5i24a,I24A. You worked in your own business during past 12 months
536,m5i24b,I24B. Number of weeks you worked in your own business during last 12 months
537,m5i24c,I24C. Number of hrs/week during those weeks you worked in your own business
538,m5i24d,I24D. Paid in cash or received something else when you worked in own business
539,m5i24e,I24E. Amount received in last 12 months for working in your own business
540,m5i24e1 ,I24E1. Range received in last 12 months for working in own business
541,m5i25a,I25A. You sold drugs/prostitution/hustles during past 12 months
542,m5i25b,I25B. Number of weeks you sold drugs/prostitution/hustles during last 12 months
543,m5i25c,I25C. Number of hrs/week during those weeks you sold drugs/prostitution/hustles
544,m5i25d,I25D. Paid in cash or received something else when you sold drugs/prostitution/h
545,m5i25e,I25E. Amount received in last 12 months for selling drugs/prostitution/hustles
546,m5i25e1 ,I25E1. Range received in last 12 months for selling drugs/prostitution/hustles
547,m5i26a,I26A. You did something else to earn money during past 12 months
548,m5i26b,I26B. Number of weeks you did something else to earn money during last 12 months
549,m5i26c,I26C. Number of hrs/week during those weeks you did something else to earn money
550,m5i26d,I26D. Paid in cash or received something else when you did something else to ear
551,m5i26e,I26E. Amount received in last 12 months for doing something else to earn money
552,m5i26e1 ,I26E1. Range received in last 12 months for doing something else to earn money
553,m5j1,J1. Total household income before taxes/deductions in past 12 months
554,m5j1a ,J1A. Range of total household income before taxes/deductions in past 12 months
555,m5j2,J2. You gave/loaned money to friends/relatives in past 12 months
556,m5j2a ,J2A. Amount you gave/loaned money to friends/relatives during past 12 months
557,m5j4,J4. You or your husband/partner have a bank account
558,m5j4a ,J4A. Name on bank account
559,m5j5,J5. You or your husband/partner have a credit card
560,m5j5a ,J5A. Name on credit card
561,m5j5b ,J5B. Way money is handled as a couple
562,m5j5c1,J5C1. Who in household responsible for making sure bills get paid
563,m5j5d ,J5D. Who controls the money in this household
564,m5j6,"J6. You or your husband/partner own a car, truck or van"
565,m5j6a ,J6A. Vehicle is reliable
566,m5j6b ,J6B. Amount owed on your vehicle
567,m5j6b1,J6B1. Amount owed on your vehicle
568,m5j6c ,J6C. Value of vehicle if sold
569,m5j6d ,J6D. You or your husband/partner have debt from credit cards or store cards
570,m5j6e ,J6E. Amount of credit card debt
571,m5j6f ,J6F. You or your husband/partner have other loans
572,m5j6g ,J6G. Amount you or your husband/partner owe in loans
573,m5j6h ,J6H. You or your husband/partner have savings
574,m5j6i ,J6I. You or your husband/partner have savings equal to 2 months total income
575,m5j7,J7. You have a bank account
576,m5j8,J8. You have a credit card
577,m5j9,"J9. You own a car, truck, or van"
578,m5j9a ,J9A. Vehicle is reliable
579,m5j9b ,J9B. Amount owed on your vehicle
580,m5j9b1,J9B1. Amount owed on your vehicle
581,m5j9c ,J9C. Value of vehicle if sold
582,m5j9d ,J9D. You have debt from credit cards or store cards
583,m5j9e ,J9E. Amount of credit card debt
584,m5j9f ,J9F. Any other loans or money you owe to a bank/lending institution
585,m5j9g ,J9G. Amount owned in other loans
586,m5j9h ,J9H. You have savings
587,m5j9i ,J9I. You have savings equal to at least 2 months total family income
588,m5k1,K1. How you feel about yourself as a mother
589,m5k2,K2. How close you feel to child
590,m5k2a ,K2A. Being a parent is harder than I thought it would be
591,m5k2b ,K2B. I feel trapped by my responsibilities as a parent
592,m5k2c ,K2C. Taking care of my child is much more work than pleasure
593,m5k2d ,"K2D. I often feel tired, worn out, exhausted from raising a family"
594,m5k3a ,K3A. Amount of influence you have in making decisions about child's school
595,m5k3b ,K3B. Amount of influence you have in making decisions about child's religion
596,m5k3c ,K3C. Amount of influence you have in making decisions about child's health care
597,m5k4a ,"K4A. Since start of school year, attended open house or back-to-school night"
598,m5k4b ,"K4B. Since start of school year, attended meeting of parent-teacher organization"
599,m5k4c ,"K4C. Since start of school year, gone to regularly scheduled parent-teacher conf"
600,m5k4d ,"K4D. Since start of school year, attended school event - child participated"
601,m5k4e ,"K4E. Since start of school year, attended school event - child did not participa"
602,m5k4f ,"K4F. Since start of school year, volunteered at school or served on committee"
603,m5k4g ,"K4G. Since start of school year, met with a school counselor"
604,m5k4h ,"K4H. Since start of school year, visited or sat in on child's classroom"
605,m5k4i ,"K4I. Since start of school year, had a conference with child's school principal"
606,m5k4j ,"K4J. Since start of school year, gone to a workshop or meeting at school"
607,m5k5a ,K5A. Inconvenient meeting times made it harder to participate
608,m5k5b ,K5B. No child care made it harder to participate
609,m5k5c ,K5C. Getting time off from work made it harder to participate
610,m5k5d ,K5D. Problems with safety going to the school made it harder to participate
611,m5k5e ,"K5E. School does not make family feel welcome, made it harder to participate"
612,m5k5f ,"K5G. You and teacher do not speak same language, made it harder to participate"
613,m5k5g ,K5G. You and teacher do not speak the same language made it harder to participat
614,m5k5h ,"K5H. You don't hear about things going on at school, made it harder to participa"
615,m5k6,"K6. In a typical week, you talk to parents of children in child's class"
616,m5k7,K7. Number of child's close friends you know by sight and first and last name
617,m5k8,"K8. In last year, you talked to child's doctor about how he/she is doing"
618,m5k8a ,K8A. Could talk to child's doctor if wanted to
619,m5k9,"K9. In last year, you talked to child's teachers about how he/she is doing"
620,m5k9a ,K9A. Could talk to child's teacher if you wanted to
621,m5k10a,"K10A. In past year, you explained to child why something he/she did was wrong"
622,m5k10b,"K10B. In past year, you put child in 'time out'"
623,m5k10c,"K10C. In past year, you shook child"
624,m5k10d,"K10D. In past year, you hit child on the bottom with hard object"
625,m5k10e,"K10E. In past year, you gave child something else to do instead"
626,m5k10f,"K10F. In past year, you shouted, yelled, or screamed at child"
627,m5k10g,"K10G. In past year, you spanked child on the bottom with bare hand"
628,m5k10h,"K10H. In past year, you swore or cursed at child"
629,m5k10i,"K10I. In past year, you said you would send child away or kick child out of hous"
630,m5k10j,"K10J. In past year, you threatened to spank/hit but did not actually do it"
631,m5k10k,"K10K. In past year, you slapped child on hand/arm/leg"
632,m5k10l,"K10L. In past year, you took away privileges from child"
633,m5k10m,"K10M. In past year, you pinched child"
634,m5k10n,"K10N. In past year, you called child dumb/lazy or some other name like that"
635,m5k13a,K13A. You eat breakfast with child in a typical day
636,m5k13b,K13B. You eat lunch with child in a typical day
637,m5k13c,K13C. You eat dinner with child in a typical day
638,m5k14a,"K14A. In past month, you did household chores with child"
639,m5k14b,"K14B. In past month, you played sports or did outdoor activities with child"
640,m5k14c,"K14C. In past month, you watched TV or videos with child"
641,m5k14d,"K14D. In past month, you played video or computer games with child"
642,m5k14e,"K14E. In past month, you read books with child or talked with child about books"
643,m5k14f,"K14F. In past month, you participated in indoor activities with child"
644,m5k14g,"K14G. In past month, you talked with child about current events"
645,m5k14h,"K14H. In past month, you talked with child about his/her day"
646,m5k14i,"K14I. In past month, you checked to make sure child had completed homework"
647,m5k14j,"K14J. In past month, you helped child with homework or school assignments"
648,m5k15 ,"K15. In past month, you have taken child to or from school/programs/camp"
649,m5k15a,K15A. Average number of times/month you have taken child to or from school/progr
650,m5k17a,K17A. I live too far away to see child
651,m5k17b,K17B. I don’t have enough time
652,m5k17c,K17C. I’m not good with children
653,m5k17d,K17D. I don't get along well with child's father
654,m5k17f,K17F. Child's father won't let me see child
655,m5k17g,K17G. I do not get along well with members of child's father's family
656,m5k17h,K17H. I cannot afford to provide financial support
657,m5k17i,K17I. I want to avoid child's father's requests for financial support
658,m5k17j,K17J. I am afraid of child support enforcement
659,m5k17k,K17K. I have other family obligations
660,m5k17l,K17L. My work hours prevent me from visiting child
661,m5k18 ,K18. Number of nights per month you would like child to stay with you
662,m5k19 ,K19. Frequency you talk on telephone with child
663,m5a3a1_1,A3A1_1. You had a legal custody agreement that child would live elsewhere
664,m5a3a1_2,A3A1_2. You voluntarily gave up custody of child
665,m5a3a1_3,A3A1_3. You had an informal agreement that someone else would care for child
666,m5a3a1_4,A3A1_4. Child Protective Services or court removed child from your home
667,m5a3a1_5,A3A1_5. Child went away to school
668,m5a3a1_6,A3A1_6. Child was old enough to leave home
669,m5a3a1_7,A3A1_7. Child needed to live closer to school
670,m5a3a1_8,A3A1_8. You had financial problems
671,m5a3a1_9,A3A1_9. You had health problems
672,m5a3a1_10 ,A3A1_10. Child had health problems
673,m5a3a1_11 ,A3A1_11. There were problems with neighborhood safety
674,m5a3a1_12 ,A3A1_12. Child was taken by other parent or kidnapped
675,m5a3a1_91 ,A3A1_91. Child stopped living with you for another reason
676,m5a3i_1 ,A3I_1. You had a legal custody agreement that child would live elsewhere
677,m5a3i_2 ,A3I_2. You voluntarily gave up custody of child
678,m5a3i_3 ,A3I_3. You had an informal agreement that someone else would care for child
679,m5a3i_4 ,A3I_4. Child Protective Services or court removed child from your home
680,m5a3i_5 ,A3I_5. Child went away to school
681,m5a3i_6 ,A3I_6. Child was old enough to leave home
682,m5a3i_7 ,A3I_7. Child needed to live closer to school
683,m5a3i_8 ,A3I_8. You had financial problems
684,m5a3i_9 ,A3I_9. You had health problems
685,m5a3i_10,A3I_10. Child had health problems
686,m5a3i_11,A3I_11. There were problems with neighborhood safety
687,m5a3i_12,A3I_12. Child was taken by other parent or kidnapped
688,m5a3i_91,A3I_91. Child doesn't live with you all the time for another reason
689,m5hhsize,Num. of people in mother's hh -Includes mother & foc. child (if lives with mothe
690,m5a6g01_1 ,A6G01_1. You had a legal custody agreement that child would live elsewhere
691,m5a6g01_2 ,A6G01_2. You voluntarily gave up custody of child
692,m5a6g01_3 ,A6G01_3. You had an informal agreement that someone else would care for child
693,m5a6g01_4 ,A6G01_4. Child Protective Services or court removed child from your home
694,m5a6g01_5 ,A6G01_5. Child went away to school
695,m5a6g01_6 ,A6G01_6. Child was old enough to leave home
696,m5a6g01_7 ,A6G01_7. Child needed to live closer to school
697,m5a6g01_8 ,A6G01_8. You had financial problems
698,m5a6g01_9 ,A6G01_9. You had health problems
699,m5a6g01_10,A6G01_10. Child had health problems
700,m5a6g01_11,A6G01_11. There were problems with neighborhood safety
701,m5a6g01_12,A6G01_12. Child was taken by other parent or kidnapped
702,m5a6g01_91,A6G01_91. Child doesn't live with you all the time for another reason
703,m5a6g02_1 ,A6G02_1. You had a legal custody agreement that child would live elsewhere
704,m5a6g02_2 ,A6G02_2. You voluntarily gave up custody of child
705,m5a6g02_3 ,A6G02_3. You had an informal agreement that someone else would care for child
706,m5a6g02_4 ,A6G02_4. Child Protective Services or court removed child from your home
707,m5a6g02_5 ,A6G02_5. Child went away to school
708,m5a6g02_6 ,A6G02_6. Child was old enough to leave home
709,m5a6g02_7 ,A6G02_7. Child needed to live closer to school
710,m5a6g02_8 ,A6G02_8. You had financial problems
711,m5a6g02_9 ,A6G02_9. You had health problems
712,m5a6g02_10,A6G02_10. Child had health problems
713,m5a6g02_11,A6G02_11. There were problems with neighborhood safety
714,m5a6g02_12,A6G02_12. Child was taken by other parent or kidnapped
715,m5a6g02_91,A6G02_91. Child doesn't live with you all the time for another reason
716,m5a6g03_1 ,A6G03_1. You had a legal custody agreement that child would live elsewhere
717,m5a6g03_2 ,A6G03_2. You voluntarily gave up custody of child
718,m5a6g03_3 ,A6G03_3. You had an informal agreement that someone else would care for child
719,m5a6g03_4 ,A6G03_4. Child Protective Services or court removed child from your home
720,m5a6g03_5 ,A6G03_5. Child went away to school
721,m5a6g03_6 ,A6G03_6. Child was old enough to leave home
722,m5a6g03_7 ,A6G03_7. Child needed to live closer to school
723,m5a6g03_8 ,A6G03_8. You had financial problems
724,m5a6g03_9 ,A6G03_9. You had health problems
725,m5a6g03_10,A6G03_10. Child had health problems
726,m5a6g03_11,A6G03_11. There were problems with neighborhood safety
727,m5a6g03_12,A6G03_12. Child was taken by other parent or kidnapped
728,m5a6g03_91,A6G03_91. Child doesn't live with you all the time for another reason
729,m5b6a2_1,B6A2_1. Financial reason/father not able to provide support
730,m5b6a2_2,B6A2_2. Mother doesn't get along with father
731,m5b6a2_3,B6A2_3. Father not a good parent/father a bad influence
732,m5b6a2_4,B6A2_4. Can't locate father
733,m5b6a2_91 ,B6A2_91. Other (specify)
734,m5b8c_1 ,B8C_1. Financial reason/father not able to provide support
735,m5b8c_2 ,B8C_2. Mother doesn't get along with father
736,m5b8c_3 ,B8C_3. Father not a good parent/father a bad influence
737,m5b8c_4 ,B8C_4. Can't locate father
738,m5b8c_91,B8C_91. Other (specify)
739,m5b11a_1,B11A_1. Agreement changed to include another child
740,m5b11a_2,B11A_2. Agreement changed because of change in father's economic circumstances
741,m5b11a_3,B11A_3. Agreement changed because of change in mother's economic circumstances
742,m5b11a_91 ,B11A_91. Agreement changed because of other (specify)
743,m5b17d_1,B17D_1. Garnished father's wages
744,m5b17d_2,B17D_2. Seized father's income tax refund
745,m5b17d_3,B17D_3. Suspended father's driver's license
746,m5b17d_4,B17D_4. Suspended father's liquid assets
747,m5b17d_5,B17D_5. Put a lien on father's personal property
748,m5b17d_6,B17D_6. Suspended father's business or professional license
749,m5b17d_7,B17D_7. Sent father to prison or jail
750,m5b17d_8,B17D_8. Put father on probation
751,m5b17d_91 ,B17D_91. Other (specify)
752,m5b30a1_1 ,B30A1_1. Aggravated assault/rape/murder
753,m5b30a1_2 ,B30A1_2. Simple assault
754,m5b30a1_3 ,B30A1_3. Robbery/theft/larceny
755,m5b30a1_4 ,B30A1_4. Possession/use/sale of illicit drugs
756,m5b30a1_5 ,B30A1_5. Major traffic offense
757,m5b30a1_6 ,B30A1_6. Non-payment of child support
758,m5b30a1_7 ,B30A1_7. Parole or probation violation
759,m5b30a1_8 ,B30A1_8. Weapons
760,m5b30a1_9 ,B30A1_9. Minor infractions
761,m5b30a1_10,B30A1_10. Domestic violence or child abuse
762,m5b30a1_91,B30A1_91. Other (specify)
763,m5d2f_flag,(unlabeled)
764,m5e2a_1 ,E2A_1. Respondent's parents gave financial help
765,m5e2a_2 ,E2A_2. Mother's other relatives gave financial help
766,m5e2a_3 ,E2A_3. Father's parents gave financial help
767,m5e2a_4 ,E2A_4. Father's other relatives gave financial help
768,m5e2a_5 ,E2A_5. Friends gave financial help
769,m5e2a_6 ,E2A_6. Boyfriend/partner gave financial help
770,m5e2a_7 ,E2A_7. Partner's family gave financial help
771,m5e2a_91,E2A_91. Other (specify) gave financial help
772,m5e8_0,E8_0. You could ask no one for help/advice
773,m5e8_1,E8_1. You could ask your parents for help/advice
774,m5e8_2,E8_2. You could ask child's father for help/advice
775,m5e8_3,E8_3. You could ask child's father's parents/relatives for help/advice
776,m5e8_4,E8_4. You could ask other relatives for help/advice
777,m5e8_5,E8_5. You could ask friends/neighbors/co-workers for help/advice
778,m5e8_6,E8_6. You could ask your partner/spouse for help/advice
779,m5e8_7,E8_7. You could ask your partner/spouse's parents/relatives for help/advice
780,m5e9_0,E9_0. Child could ask no one for help/advice other than you
781,m5e9_1,E9_1. Child could ask your parents for help/advice
782,m5e9_2,E9_2. Child could ask child's father for help/advice
783,m5e9_3,E9_3. Child could ask child's father's parents/relatives for help/advice
784,m5e9_4,E9_4. Child could ask other relatives for help/advice
785,m5e9_5,E9_5. Child could ask friends/neighbors/co-workers for help/advice
786,m5e9_6,E9_6. Child could ask your partner/spouse for help/advice
787,m5e9_7,E9_7. Child could ask your partner/spouse's parents/relatives for help/advice
788,m5f16a_1,F16A_1. Required to look for a job
789,m5f16a_2,F16A_2. Required to work in a paid job
790,m5f16a_3,F16A_3. Required to work in an unpaid job
791,m5f16a_4,F16A_4. Required to attend school or training
792,m5f16a_5,F16A_5. Required to name the father of child
793,m5f16a_91 ,F16A_91. Required to do other (specify)
794,m5f26b2_1 ,F26B2_1. Aggravated assault/rape/murder
795,m5f26b2_2 ,F26B2_2. Simple assault
796,m5f26b2_3 ,F26B2_3. Robbery/theft/larceny
797,m5f26b2_4 ,F26B2_4. Possession/use/sale of illicit drugs
798,m5f26b2_5 ,F26B2_5. Major traffic offense
799,m5f26b2_6 ,F26B2_6. Non-payment of child support
800,m5f26b2_7 ,F26B2_7. Parole or probation violation
801,m5f26b2_8 ,F26B2_8. Weapons
802,m5f26b2_9 ,F26B2_9. Minor infractions
803,m5f26b2_10,F26B2_10. Domestic violence or child abuse
804,m5f26b2_91,F26B2_91. Other (specify)
805,m5f28a_1,F28A_1. Aggravated assault/rape/murder
806,m5f28a_2,F28A_2. Simple assault
807,m5f28a_3,F28A_3. Robbery/theft/larceny
808,m5f28a_4,F28A_4. Possession/use/sale of illicit drugs
809,m5f28a_5,F28A_5. Major traffic offense
810,m5f28a_6,F28A_6. Non-payment of child support
811,m5f28a_7,F28A_7. Parole or probation violation
812,m5f28a_8,F28A_8. Weapons
813,m5f28a_9,F28A_9. Minor infractions
814,m5f28a_10 ,F28A_10. Domestic violence or child abuse
815,m5f28a_91 ,F28A_91. Other (specify)
816,m5g2a_1 ,G2A_1. Diabetes
817,m5g2a_2 ,G2A_2. Asthma
818,m5g2a_3 ,G2A_3. High blood pressure
819,m5g2a_4 ,G2A_4. Pain
820,m5g2a_5 ,G2A_5. Seizures/epilepsy
821,m5g2a_6 ,G2A_6. Heart disease
822,m5g2a_7 ,G2A_7. Back problems
823,m5g2a_91,G2A_91. Other (specify)
824,m5g23a_1,G23A_1. Counseling or therapy for depression
825,m5g23a_2,G23A_2. Counseling or therapy for anxiety
826,m5g23a_3,G23A_3. Counseling or therapy for attention problems
827,m5g23a_4,G23A_4. Counseling or therapy for alcohol problems
828,m5g23a_5,G23A_5. Counseling or therapy for drug use problems
829,m5g23a_91 ,G23A_91. Counseling or therapy for anything else (specify)
830,m5i2_1,I2_1. Attending regular high school
831,m5i2_2,I2_2. Attending GED or ABE program
832,m5i2_3,I2_3. Attending ESL program
833,m5i2_4,I2_4. Attending nursing school (LPN or RN)
834,m5i2_5,I2_5. Attending business or secretarial school
835,m5i2_6,I2_6. Attending program to improve reading
836,m5i2_7,I2_7. Attending vocational/technical/trade school
837,m5i2_8,I2_8. Attending job corps
838,m5i2_9,I2_9. Attending junior/community college (2 yr)
839,m5i2_10 ,I2_10. Attending college (4 yr)
840,m5i2_11 ,I2_11. Attending other type of school (specify)
841,m5i2_12 ,I2_12. Attending other type of training (specify)
842,m5i2_13 ,I2_13. Attending program to learn job skills
843,m5i2_14 ,I2_14. Attending program to help get a job
844,m5i2_15 ,I2_15. Attending graduate/professional school
845,m5i3a_1 ,I3A_1. Completed regular high school
846,m5i3a_2 ,I3A_2. Completed GED or ABE program
847,m5i3a_3 ,I3A_3. Completed ESL program
848,m5i3a_4 ,I3A_4. Completed nursing school (LPN or RN)
849,m5i3a_5 ,I3A_5. Completed business or secretarial school
850,m5i3a_6 ,I3A_6. Completed program to improve reading
851,m5i3a_7 ,I3A_7. Completed vocational/technical/trade school
852,m5i3a_8 ,I3A_8. Completed job corps
853,m5i3a_9 ,I3A_9. Completed junior/community college degree (2 yr)
854,m5i3a_10,I3A_10. Completed college degree (4 yr)
855,m5i3a_11,I3A_11. Completed other type of school (specify)
856,m5i3a_12,I3A_12. Completed other type of training (specify)
857,m5i3a_13,I3A_13. Completed program to learn job skills
858,m5i3a_14,I3A_14. Completed program to help get a job
859,m5i3a_15,I3A_15. Completed some college
860,m5i3a_16,I3A_16. Completed graduate/professional school
861,m5i24g_1,I24G_1. Received meals
862,m5i24g_2,I24G_2. Received clothing
863,m5i24g_3,I24G_3. Received a place to live
864,m5i24g_4,I24G_4. Received child care
865,m5i24g_91 ,I24G_91. Received other (specify)
866,m5i25g_1,I25G_1. Received meals
867,m5i25g_2,I25G_2. Received clothing
868,m5i25g_3,I25G_3. Received a place to live
869,m5i25g_4,I25G_4. Received child care
870,m5i25g_91 ,I25G_91. Received other (specify)
871,m5i26g_1,I26G_1. Received meals
872,m5i26g_2,I26G_2. Received clothing
873,m5i26g_3,I26G_3. Received a place to live
874,m5i26g_4,I26G_4. Received child care
875,m5i26g_91 ,I26G_91. Received other (specify)
876,m5a3a1_101,A3A1_101. Mother had drug/alcohol issues
877,m5a3a1_102,A3A1_102. Mother's work/schedule interfered
878,m5a3a1_103,A3A1_103. Mother was incarcerated
879,m5a3a1_104,A3A1_104. Custody agreement temporary/still in process
880,m5a3a1_105,A3A1_105. N/A: Mother still lives with child
881,m5a3a1_106,A3A1_106. Child adopted
882,m5a6g01_10,1A6G01_101. Insufficient housing
883,m5a6g01_10,2A6G01_102. Child wanted to live elsewhere
884,m5a6g01_10,3A6G01_103. Could not handle child
885,m5a6g01_10,4A6G01_104. Mother had drug problems
886,m5a6g02_10,2A6G02_102. Child wanted to live elsewhere
887,m5a6g02_10,3A6G02_103. Could not handle child
888,m5a6g02_10,4A6G02_104. Mother had drug problems
889,m5a6g03_10,2A6G03_102. Child wanted to live elsewhere
890,m5a6g03_10,3A6G03_103. Could not handle child
891,m5a6g03_10,4A6G03_104. Mother had drug problems
892,m5b11a_101,B11A_101. Agreement changed because of change in custody or amount of visitation
893,m5b11a_102,B11A_102. Agreement changed because support dropped
894,m5b11a_104,B11A_104. Agreement changed because parents got back together
895,m5b11a_103,B11A_103. Agreement changed because father not paying full amount
896,m5b17d_101,B17D_101. Warrant for father's arrest
897,m5b17d_102,B17D_102. Court action in process
898,m5b17d_103,B17D_103. Father cannot be located
899,m5b17d_104,B17D_104. Increased payments
900,m5b17d_105,B17D_105. No action beyond threats and letters
901,m5b22_101 ,"B22_101. Candy, junk food, or incidentals"
902,m5b22_106 ,B22_106. Everything/whatever she or he wants
903,m5b22_104 ,B22_104. Special events or outings
904,m5b22_102 ,B22_102. Health and medical supplies
905,m5b22_107 ,B22_107. BioFather lives with child
906,m5b22_105 ,B22_105. Sports or extracurricular needs
907,m5b22_103 ,B22_103. Allowance or spending money
908,m5b22_108 ,B22_108. Transportation costs
909,m5e2a_101 ,E2A_101. Fathers of other children gave financial help
910,m5e2a_102 ,E2A_102. Church members gave financial help
911,m5f7_101,F7_101. Received help from food stamps/WIC in past 12 months
912,m5f7_102,F7_102. Received help from Social Security/SSI in past 12 months
913,m5f7_103,F7_103. Received help from church in past 12 months
914,m5f7_104,F7_104. Received child care assistance in past 12 months
915,m5f7_105,F7_105. Received health insurance assistance in past 12 months
916,m5f7_106,F7_106. Received utility assistance in past 12 months
917,m5f7_107,F7_107. Received housing assistance in past 12 months
918,m5f16a_101,F16A_101. Required to get child support order
919,m5g2a_101 ,G2A_101. Mental health
920,m5g2a_102 ,G2A_102. Arthritis
921,m5g2a_103 ,G2A_103. Recovering from injury/surgery
922,m5g2a_104 ,G2A_104. Overweight
923,m5g2a_105 ,G2A_105. Joint problems
924,m5g2a_106 ,G2A_106. Pregnant
925,m5g2a_107 ,G2A_107. Chronic disease or illness
926,m5g2a_108 ,G2A_108. Muscle problems
927,m5g2a_109 ,G2A_109. Neurological problems
928,m5g2a_110 ,G2A_110. Gastrointestinal/urinary problems
929,m5g2a_111 ,G2A_111. Heart and blood problems
930,m5g2b1_101,G2B1_101. You take prescribed medication for thyroid
931,m5g2b1_102,G2B1_102. You take prescribed medication for allergies
932,m5g2b1_103,G2B1_103. You take prescribed medication for gastrointestinal
933,m5g2b1_104,G2B1_104. You take prescribed medication for nervous system/migraines
934,m5g2b1_105,G2B1_105. You take prescribed medication for cholesterol
935,m5g2b1_106,G2B1_106. You take prescribed medication for heart and blood
936,m5g23a_101,G23A_101. Counseling or therapy for family/relationship problems
937,m5g23a_102,G23A_102. Counseling or therapy for bipolar disorder
938,m5g23a_103,G23A_103. Counseling or therapy for grief
939,m5g23a_104,G23A_104. Counseling or therapy for abuse
940,m5g23a_105,G23A_105. Counseling or therapy for stress
941,m5i2_101,I2_101. Attending online education classes
942,m5i2_102,I2_102. Attending child care courses
943,m5i3a_102 ,I3A_102. Completed child care courses
944,m5i24g_101,I24G_101. Did not receive any compensation
945,m5i12a_cod,eI12A_CODE. Code for mother's occupation
946,m5i24aos_c,odei24aos_code. Code for mother's other source of income
947,m5i26aos_c,odei26aos_code. Code for mother's other source of income
948,cm5_bmomst,at BioMom survey status variable
949,cm5gmom ,Constructed -- Focal child's grandmother lives in biomom's household
950,cm5gdad ,Constructed -- Focal child's grandfather lives in biomom's household
951,cm5adult,Number of adults (18+) in mother's hh -Includes mother
952,cm5kids ,Number of children (<18) in mother's hh -Includes focal (if lives with mother)
953,cm5intyr,Constructed --mother's interview year
954,cm5intmon ,Constructed --mother's interview month
955,cm5mint ,Constructed - Mother interviewed at nine-year follow-up
956,cm5pcgrel ,Constructed - Relationship of PCG when not bio mom/dad
957,cm5saliva ,Bio Mom Contributed Saliva Sample During Y9 Home Visit?
958,cm5tele ,Constructed - Interview conducted by telephone
959,cm5span ,Constructed - Interview conducted in Spanish
960,cm5tdiff,Constructed - Time difference between mother and father interviews
961,cm5relf ,Constructed - Mother relationship with father at nine-year follow-up
962,cm5marp ,Constructed - Mother married to new partner at nine-year
963,cm5marf ,Constructed - Mother married to child's father at nine-year
964,cm5cohf ,Constructed - Mother living with child's father at nine-year
965,cm5cohp ,Constructed - Mother living with new partner at nine-year
966,cm5age,Constructed - Mother's age (years)
967,cm5b_age,Constructed - Child age at time of mother interview (months)
968,cm5b_ageyr,sConstructed - Child age at time of mother interview (years)
969,cm5natsm,Constructed - Nine-year national sample flag
970,cm5citsm,Constructed - Five-year city sample flag
971,cm5twoc ,Constructed - Two cities flag
972,cm5md_case,_conConstructed - Mother meets depression criteria (conservative) at nine-year (CIDI
973,cm5md_case,_libConstructed - Mother meets depression criteria (liberal) at nine-year (CIDI)
974,cm5finjail,"Constructed - mother report, father in jail at mother five-year interview"
975,cm5fevjail,"Constructed - mother report, father has spent time in jail by mother nine-year i"
976,cm5edu,Mother's education: year 9
977,cm5hhinc,Constructed - Mother's Household income (with imputed values)
978,cm5hhimp,Flag var for household income imputation - mothers
979,cm5povco,Constructed - Mother's household income/poverty threshold at 9-year
980,cm5povca,Constructed - Mother's poverty category at 9-year
981,cm5samp ,Constructed - Y9 reason for mother non-response
982,m5a2,A2. Confirm how much time child lives with respondent