"categorical","continuous"
"k5a1a","m5a4"
"k5a1b","m5b12a"
"k5a1c","m5c1"
"k5a1d","m5d2f1"
"k5a1e","m5d2f2"
"k5a2a","m5d7"
"k5a2b","m5f2"
"k5a2c","m5f4"
"k5a2d","m5f8b2"
"k5a2e","m5f8c2"
"k5a2f","m5i19a"
"k5a3a","m5j1"
"k5a3b","m5j6b1"
"k5a3c","m5hhsize"
"k5a3d","f5a3c"
"k5a3e","f5a3e"
"k5a3f","f5a4"
"k5b1a","f5a5c01"
"k5b1b","f5a5d01"
"k5b1c","f5a6a"
"k5b1d","f5a6c01"
"k5b2a","f5a6c02"
"k5b2b","f5a6f01"
"k5b2c","f5a8f01"
"k5b2d","f5a101"
"k5c0","f5b12"
"k5c1","f5g35"
"k5c1a","f5i10"
"k5c1b","f5i13"
"k5c2","f5i19a"
"k5c3","f5i21"
"k5c3a","f5i22"
"k5c4","f5j1"
"k5c5","f5j2a"
"k5d1a","f5j6b1"
"k5d1b","f5j6c"
"k5d1c","f5k7"
"k5d1d","f5k15a"
"k5d1e","f5k18"
"k5d1f","cf5hhsize"
"k5d1g","p5h9"
"k5d1h","p5h10"
"k5d2","p5h15c"
"k5e1a","p5h16a"
"k5e1b","p5i3"
"k5e1c","p5i4"
"k5e1d","p5i6"
"k5e2a","p5i10a"
"k5e2b","p5i12"
"k5e2c","p5i15"
"k5e2d","p5i25"
"k5g1a","p5i34"
"k5g1b","p5j7"
"k5g1c","p5j9"
"k5g1d","p5j10"
"k5g1e","p5l4b"
"k5g2a","hv5_dspr"
"k5g2b","hv5_dsss"
"k5g2c","hv5_dsraw"
"k5g2d","hv5_ppvtss"
"k5g2e","hv5_wj9ss"
"k5g2f","hv5_wj10ss"
"k5g2g","hv5_wj9raw"
"k5g2h","o5a8"
"k5g2i","hv5_9a1"
"k5g2j","hv5_9a2"
"k5g2k","hv5_11a1"
"k5g2l","hv5_11a2"
"k5g2m","hv5_cwtlb"
"k5g2n","hv5_chtcm"
"k5h1","hv5_cwtkg"
"k5h2","hv5_cbmi"
"m5a2","hv5_agem"
"m5a5","hv5_waz"
"m5a6","hv5_wap"
"m5a7","hv5_bmiz"
"m5a8","hv5_bmip"
"m5a101","hv5_haz"
"m5b2","hv5_hap"
"m5b3","hv5_8a1"
"m5b4","hv5_8a2"
"m5b12b","hv5_mwtlb"
"m5b16b","hv5_mhtcm"
"m5b18a","hv5_mwtkg"
"m5b22a","hv5_mbmi"
"m5b22b","hv5_mbmiz"
"m5b22c","t5a5"
"m5b22d","t5e1"
"m5b22e","t5e2"
"m5b22f","t5e6"
"m5b22g","t5e12"
"m5b22h","t5e13"
"m5b22i","t5e20"
"m5b28a","cf5age"
"m5b31a","cm5age"
"m5d2","cm5b_age"
"m5d8","cf5b_age"
"m5d9","cm5hhinc"
"m5d19a","cf5hhinc"
"m5d19b","cf5hhincb"
"m5d19c","cm5povco"
"m5d19d","cf5povco"
"m5d19e","cf5povcob"
"m5d19f","hv5_ppvtae"
"m5e2","hv5_ppvtpr"
"m5e3","hv5_wj9pr"
"m5e4","hv5_wj9ae"
"m5e5","hv5_wj10pr"
"m5e6","hv5_wj10ae"
"m5e7","hv5_dsae"
"m5f1","m5a4"
"m5f5","m5b12a"
"m5f6","m5c1"
"m5f8a1","m5d2f1"
"m5f8a2","m5d2f2"
"m5f8a3","m5d7"
"m5f18d","m5f2"
"m5f23a","m5f4"
"m5f23b","m5f8b2"
"m5f23c","m5f8c2"
"m5f23d","m5i19a"
"m5f23e","m5j1"
"m5f23f","m5j6b1"
"m5f23g","m5hhsize"
"m5f23h","f5a3c"
"m5f23i","f5a3e"
"m5f23j","f5a4"
"m5f23k","f5a5c01"
"m5g0","f5a5d01"
"m5g1","f5a6a"
"m5g2","f5a6c01"
"m5g3","f5a6c02"
"m5g7","f5a6f01"
"m5g16a","f5a8f01"
"m5g16b","f5a101"
"m5g16c","f5b12"
"m5g16d","f5g35"
"m5g16e","f5i10"
"m5h1","f5i13"
"m5h2","f5i19a"
"m5h3","f5i21"
"m5i1","f5i22"
"m5i3","f5j1"
"m5i4","f5j2a"
"m5i5","f5j6b1"
"m5i8","f5j6c"
"m5i9","f5k7"
"m5i13p","f5k15a"
"m5i14c","f5k18"
"m5i16a","cf5hhsize"
"m5i16b","p5h9"
"m5i16c","p5h10"
"m5i24a","p5h15c"
"m5i26a","p5h16a"
"m5j2","p5i3"
"m5j4","p5i4"
"m5j5","p5i6"
"m5j5c1","p5i10a"
"m5j6","p5i12"
"m5j7","p5i15"
"m5j8","p5i25"
"m5j9","p5i34"
"cm5adult","p5j7"
"m5e2a_91","p5j9"
"m5e8_0","p5j10"
"m5e8_1","p5l4b"
"m5e8_2","hv5_dspr"
"m5e8_3","hv5_dsss"
"m5e8_4","hv5_dsraw"
"m5e8_5","hv5_ppvtss"
"m5e8_6","hv5_wj9ss"
"m5e8_7","hv5_wj10ss"
"m5e9_0","hv5_wj9raw"
"m5e9_1","o5a8"
"m5e9_2","hv5_9a1"
"m5e9_3","hv5_9a2"
"m5e9_4","hv5_11a1"
"m5e9_5","hv5_11a2"
"m5e9_6","hv5_cwtlb"
"m5e9_7","hv5_chtcm"
"m5i3a_10","hv5_cwtkg"
"m5i3a_11","hv5_cbmi"
"m5i3a_12","hv5_agem"
"m5i3a_13","hv5_waz"
"m5i3a_14","hv5_wap"
"m5i3a_15","hv5_bmiz"
"m5i3a_16","hv5_bmip"
"f5a2b","hv5_haz"
"f5a3a2","hv5_hap"
"f5a3d","hv5_8a1"
"f5a4m","hv5_8a2"
"f5a5","hv5_mwtlb"
"f5a51","hv5_mhtcm"
"f5a5b01","hv5_mwtkg"
"f5a5f","hv5_mbmi"
"f5a5l","hv5_mbmiz"
"f5a6","t5a5"
"f5a6e","t5e1"
"f5a7","t5e2"
"f5a8","t5e6"
"f5a8b01","t5e12"
"f5a8b02","t5e13"
"f5a8f02","t5e20"
"f5a8b03","cf5age"
"f5a8f03","cm5age"
"f5a10","cm5b_age"
"f5a11","cf5b_age"
"f5b4","cm5hhinc"
"f5b4a","cf5hhinc"
"f5b11","cf5hhincb"
"f5b15","cm5povco"
"f5b16","cf5povco"
"f5b16b","cf5povcob"
"f5b17","hv5_ppvtae"
"f5b22a","hv5_ppvtpr"
"f5b22b","hv5_wj9pr"
"f5b22c","hv5_wj9ae"
"f5b22d","hv5_wj10pr"
"f5b22e","hv5_wj10ae"
"f5b22f","hv5_dsae"
"f5b22g","m5a4"
"f5b22h","m5b12a"
"f5b22i","m5c1"
"f5b24","m5d2f1"
"f5c1","m5d2f2"
"f5c1a","m5d7"
"f5c1b","m5f2"
"f5c1c","m5f4"
"f5c1d","m5f8b2"
"f5c1e","m5f8c2"
"f5c1f","m5i19a"
"f5c2a","m5j1"
"f5c2b","m5j6b1"
"f5c2c","m5hhsize"
"f5c2d","f5a3c"
"f5c2e","f5a3e"
"f5c3a","f5a4"
"f5c3b","f5a5c01"
"f5c3c","f5a5d01"
"f5c3d","f5a6a"
"f5e1g","f5a6c01"
"f5e1h","f5a6c02"
"f5e1i","f5a6f01"
"f5e1j","f5a8f01"
"f5e1k","f5a101"
"f5e2","f5b12"
"f5e3","f5g35"
"f5e3a","f5i10"
"f5e4","f5i13"
"f5e5","f5i19a"
"f5e6","f5i21"
"f5e6a","f5i22"
"f5e6b","f5j1"
"f5e7","f5j2a"
"f5f1","f5j6b1"
"f5f7a","f5j6c"
"f5f7b","f5k7"
"f5f7c","f5k15a"
"f5f8a1","f5k18"
"f5f8a2","cf5hhsize"
"f5f8a3","p5h9"
"f5f12","p5h10"
"f5f18","p5h15c"
"f5f18d","p5h16a"
"f5f20","p5i3"
"f5f21","p5i4"
"f5f22","p5i6"
"f5f23a","p5i10a"
"f5f23b","p5i12"
"f5f23c","p5i15"
"f5f23d","p5i25"
"f5f23e","p5i34"
"f5f23f","p5j7"
"f5f23g","p5j9"
"f5f23h","p5j10"
"f5f23i","p5l4b"
"f5f23j","hv5_dspr"
"f5f23k","hv5_dsss"
"f5f24","hv5_dsraw"
"f5f25","hv5_ppvtss"
"f5g0","hv5_wj9ss"
"f5g1","hv5_wj10ss"
"f5g2","hv5_wj9raw"
"f5g2b","o5a8"
"f5g2c","hv5_9a1"
"f5g2e","hv5_9a2"
"f5g3","hv5_11a1"
"f5g7","hv5_11a2"
"f5g16a","hv5_cwtlb"
"f5g16b","hv5_chtcm"
"f5g16c","hv5_cwtkg"
"f5g16d","hv5_cbmi"
"f5g16e","hv5_agem"
"f5g17","hv5_waz"
"f5g18","hv5_wap"
"f5g19","hv5_bmiz"
"f5g23","hv5_bmip"
"f5g24","hv5_haz"
"f5g25","hv5_hap"
"f5g28","hv5_8a1"
"f5g29","hv5_8a2"
"f5g30","hv5_mwtlb"
"f5g31","hv5_mhtcm"
"f5g32","hv5_mwtkg"
"f5g33","hv5_mbmi"
"f5h1","hv5_mbmiz"
"f5h2","t5a5"
"f5h3","t5e1"
"f5i1","t5e2"
"f5i3","t5e6"
"f5i3b","t5e12"
"f5i3c","t5e13"
"f5i4","t5e20"
"f5i11","cf5age"
"f5i13p","cm5age"
"f5i14a1","cm5b_age"
"f5i14a2","cf5b_age"
"f5i14a3","cm5hhinc"
"f5i14a4","cf5hhinc"
"f5i14a5","cf5hhincb"
"f5i14b1","cm5povco"
"f5i14b2","cf5povco"
"f5i14b3","cf5povcob"
"f5i14b4","hv5_ppvtae"
"f5i14c","hv5_ppvtpr"
"f5i16a","hv5_wj9pr"
"f5i16b","hv5_wj9ae"
"f5i16c","hv5_wj10pr"
"f5i17","hv5_wj10ae"
"f5i19","hv5_dsae"
"f5i24a","m5a4"
"f5i26a","m5b12a"
"f5j2","m5c1"
"f5j4","m5d2f1"
"f5j4a","m5d2f2"
"f5j5","m5d7"
"f5j5b","m5f2"
"f5j5c1","m5f4"
"f5j5d","m5f8b2"
"f5j6","m5f8c2"
"f5j6a","m5i19a"
"f5j6b","m5j1"
"f5j6d","m5j6b1"
"f5j6f","m5hhsize"
"f5j6h","f5a3c"
"f5j7","f5a3e"
"f5j8","f5a4"
"f5j9","f5a5c01"
"f5j9d","f5a5d01"
"f5j9f","f5a6a"
"f5j9h","f5a6c01"
"f5k1","f5a6c02"
"f5k2","f5a6f01"
"f5k2a","f5a8f01"
"f5k2b","f5a101"
"f5k2c","f5b12"
"f5k2d","f5g35"
"f5k3a","f5i10"
"f5k3b","f5i13"
"f5k3c","f5i19a"
"f5k4a","f5i21"
"f5k4b","f5i22"
"f5k4c","f5j1"
"f5k4d","f5j2a"
"f5k4e","f5j6b1"
"f5k4f","f5j6c"
"f5k4g","f5k7"
"f5k4h","f5k15a"
"f5k4i","f5k18"
"f5k4j","cf5hhsize"
"f5k5a","p5h9"
"f5k5b","p5h10"
"f5k5c","p5h15c"
"f5k5d","p5h16a"
"f5k5e","p5i3"
"f5k5f","p5i4"
"f5k5g","p5i6"
"f5k5h","p5i10a"
"f5k6","p5i12"
"f5k8","p5i15"
"f5k8a","p5i25"
"f5k9","p5i34"
"f5k13a","p5j7"
"f5k13b","p5j9"
"f5k13c","p5j10"
"f5k14a","p5l4b"
"f5k14b","hv5_dspr"
"f5k14c","hv5_dsss"
"f5k14d","hv5_dsraw"
"f5k14e","hv5_ppvtss"
"f5k14f","hv5_wj9ss"
"f5k14g","hv5_wj10ss"
"f5k14h","hv5_wj9raw"
"f5k14i","o5a8"
"f5k14j","hv5_9a1"
"f5k15","hv5_9a2"
"f5k17a","hv5_11a1"
"f5k17b","hv5_11a2"
"f5k17c","hv5_cwtlb"
"f5k17d","hv5_chtcm"
"f5k17e","hv5_cwtkg"
"f5k17f","hv5_cbmi"
"f5k17g","hv5_agem"
"f5k17h","hv5_waz"
"f5k17i","hv5_wap"
"f5k17j","hv5_bmiz"
"f5k17k","hv5_bmip"
"f5k17l","hv5_haz"
"f5k17m","hv5_hap"
"f5k19","hv5_8a1"
"f5cs","hv5_8a2"
"f5a6g01_1","hv5_mwtlb"
"f5a6g01_2","hv5_mhtcm"
"f5a6g01_3","hv5_mwtkg"
"f5a6g01_4","hv5_mbmi"
"f5a6g01_5","hv5_mbmiz"
"f5a6g01_6","t5a5"
"f5a6g01_7","t5e1"
"f5a6g01_8","t5e2"
"f5a6g01_9","t5e6"
"f5a6g01_10","t5e12"
"f5a6g01_11","t5e13"
"f5a6g01_12","t5e20"
"f5a6g01_13","cf5age"
"f5a6g01_91","cm5age"
"f5e9_0","cm5b_age"
"f5e9_1","cf5b_age"
"f5e9_2","cm5hhinc"
"f5e9_3","cf5hhinc"
"f5e9_4","cf5hhincb"
"f5e9_5","cm5povco"
"f5e9_6","cf5povco"
"f5e9_7","cf5povcob"
"f5e8_0","hv5_ppvtae"
"f5e8_1","hv5_ppvtpr"
"f5e8_2","hv5_wj9pr"
"f5e8_3","hv5_wj9ae"
"f5e8_4","hv5_wj10pr"
"f5e8_5","hv5_wj10ae"
"f5e8_6","hv5_dsae"
"f5e8_7","m5a4"
"cf5gmom","m5b12a"
"cf5gdad","m5c1"
"cf5adult","m5d2f1"
"cf5kids","m5d2f2"
"cf5fint","m5d7"
"cn5stat","m5f2"
"cn5nint","m5f4"
"pcg5stat","m5f8b2"
"pcg5idstat","m5f8c2"
"p5h1","m5i19a"
"p5h1a","m5j1"
"p5h1b","m5j6b1"
"p5h4","m5hhsize"
"p5h5","f5a3c"
"p5h6","f5a3e"
"p5h7","f5a4"
"p5h8","f5a5c01"
"p5h11","f5a5d01"
"p5h13","f5a6a"
"p5h14","f5a6c01"
"p5h15","f5a6c02"
"p5h15a","f5a6f01"
"p5h16","f5a8f01"
"p5h16b","f5a101"
"p5h17","f5b12"
"p5h17a","f5g35"
"p5h17b","f5i10"
"p5h19","f5i13"
"p5h19a","f5i19a"
"p5h21","f5i21"
"p5h22","f5i22"
"p5h23","f5j1"
"p5i1a","f5j2a"
"p5i1b","f5j6b1"
"p5i1c","f5j6c"
"p5i1d","f5k7"
"p5i1e","f5k15a"
"p5i1f","f5k18"
"p5i1g","cf5hhsize"
"p5i1h","p5h9"
"p5i1i","p5h10"
"p5i1j","p5h15c"
"p5i2a","p5h16a"
"p5i2b","p5i3"
"p5i2c","p5i4"
"p5i2d","p5i6"
"p5i2e","p5i10a"
"p5i5","p5i12"
"p5i7","p5i15"
"p5i8","p5i25"
"p5i9","p5i34"
"p5i10","p5j7"
"p5i10b","p5j9"
"p5i11","p5j10"
"p5i13","p5l4b"
"p5i14","hv5_dspr"
"p5i16","hv5_dsss"
"p5i17","hv5_dsraw"
"p5i18b","hv5_ppvtss"
"p5i19","hv5_wj9ss"
"p5i20a","hv5_wj10ss"
"p5i20b","hv5_wj9raw"
"p5i20c","o5a8"
"p5i21a","hv5_9a1"
"p5i21b","hv5_9a2"
"p5i22a","hv5_11a1"
"p5i22b","hv5_11a2"
"p5i22c","hv5_cwtlb"
"p5i22d","hv5_chtcm"
"p5i22e","hv5_cwtkg"
"p5i23","hv5_cbmi"
"p5i24","hv5_agem"
"p5i26","hv5_waz"
"p5i27","hv5_wap"
"p5i28","hv5_bmiz"
"p5i29","hv5_bmip"
"p5i30a","hv5_haz"
"p5i30c","hv5_hap"
"p5i31a","hv5_8a1"
"p5i31b","hv5_8a2"
"p5i31c","hv5_mwtlb"
"p5i31d","hv5_mhtcm"
"p5i31e","hv5_mwtkg"
"p5i31f","hv5_mbmi"
"p5i31g","hv5_mbmiz"
"p5i31h","t5a5"
"p5i31i","t5e1"
"p5i31j","t5e2"
"p5i32a","t5e6"
"p5i32b","t5e12"
"p5i32c","t5e13"
"p5i33a","t5e20"
"p5i33b","cf5age"
"p5i33c","cm5age"
"p5i35","cm5b_age"
"p5i36","cf5b_age"
"p5i37","cm5hhinc"
"p5i38a","cf5hhinc"
"p5i38b","cf5hhincb"
"p5i38c","cm5povco"
"p5i39a","cf5povco"
"p5j1","cf5povcob"
"p5j2a","hv5_ppvtae"
"p5j2b","hv5_ppvtpr"
"p5j2c","hv5_wj9pr"
"p5j2d","hv5_wj9ae"
"p5j2e","hv5_wj10pr"
"p5j2f","hv5_wj10ae"
"p5j2g","hv5_dsae"
"p5j2h","m5a4"
"p5j2i","m5b12a"
"p5j2j","m5c1"
"p5j3","m5d2f1"
"p5j4a","m5d2f2"
"p5j4b","m5d7"
"p5j4c","m5f2"
"p5j6","m5f4"
"p5j7a","m5f8b2"
"p5j8","m5f8c2"
"p5j9a","m5i19a"
"p5j10a","m5j1"
"p5j11","m5j6b1"
"p5j12","m5hhsize"
"p5j13","f5a3c"
"p5k1a","f5a3e"
"p5k1b","f5a4"
"p5k1c","f5a5c01"
"p5k1d","f5a5d01"
"p5k1e","f5a6a"
"p5k1f","f5a6c01"
"p5k1g","f5a6c02"
"p5l1","f5a6f01"
"p5l1a","f5a8f01"
"p5l2","f5a101"
"p5l3a","f5b12"
"p5l3b","f5g35"
"p5l3c","f5i10"
"p5l3d","f5i13"
"p5l3e","f5i19a"
"p5l3f","f5i21"
"p5l3g","f5i22"
"p5l3h","f5j1"
"p5l3i","f5j2a"
"p5l3j","f5j6b1"
"p5l4a","f5j6c"
"p5l4c","f5k7"
"p5l5","f5k15a"
"p5l5a","f5k18"
"p5l10","cf5hhsize"
"p5l11","p5h9"
"p5l12a","p5h10"
"p5l12b","p5h15c"
"p5l12c","p5h16a"
"p5l12d","p5i3"
"p5l12e","p5i4"
"p5l12f","p5i6"
"p5l12g","p5i10a"
"p5l12h","p5i12"
"p5l12i","p5i15"
"p5l13a","p5i25"
"p5l13b","p5i34"
"p5l13c","p5j7"
"p5l13d","p5j9"
"p5l13e","p5j10"
"p5l13f","p5l4b"
"p5l13g","hv5_dspr"
"p5l13h","hv5_dsss"
"p5l14","hv5_dsraw"
"p5l15","hv5_ppvtss"
"p5l17a","hv5_wj9ss"
"p5l17b","hv5_wj10ss"
"p5l17c","hv5_wj9raw"
"p5l17d","o5a8"
"p5l17e","hv5_9a1"
"p5l17f","hv5_9a2"
"p5l17g","hv5_11a1"
"p5l18","hv5_11a2"
"p5l21a","hv5_cwtlb"
"p5l23","hv5_chtcm"
"p5l26","hv5_cwtkg"
"p5m1","hv5_cbmi"
"p5m2a","hv5_agem"
"p5m2b","hv5_waz"
"p5m2c","hv5_wap"
"p5m2d","hv5_bmiz"
"p5m2e","hv5_bmip"
"p5m3a","hv5_haz"
"p5m3b","hv5_hap"
"p5m3c","hv5_8a1"
"p5m3d","hv5_8a2"
"p5m3e","hv5_mwtlb"
"p5m4","hv5_mhtcm"
"p5m5a","hv5_mwtkg"
"p5m5b","hv5_mbmi"
"p5m5c","hv5_mbmiz"
"p5h14b_1","t5a5"
"p5h14b_2","t5e1"
"p5h14b_3","t5e2"
"p5h14b_4","t5e6"
"p5h14b_5","t5e12"
"p5h14b_6","t5e13"
"p5h14b_91","t5e20"
"p5i18a_1","cf5age"
"p5i18a_2","cm5age"
"p5i18a_3","cm5b_age"
"p5i18a_4","cf5b_age"
"p5l8_1","cm5hhinc"
"p5l8_2","cf5hhinc"
"p5l8_3","cf5hhincb"
"p5l8_4","cm5povco"
"p5l8_5","cf5povco"
"p5l8_6","cf5povcob"
"p5l8_7","hv5_ppvtae"
"p5l8_8","hv5_ppvtpr"
"p5l8_9","hv5_wj9pr"
"p5l8_10","hv5_wj9ae"
"p5l8_11","hv5_wj10pr"
"p5l8_12","hv5_wj10ae"
"p5l8_13","hv5_dsae"
"cp5pint","m5a4"
"p5qlang","m5b12a"
"p5q1a","m5c1"
"p5q1b","m5d2f1"
"p5q1c","m5d2f2"
"p5q1d","m5d7"
"p5q1e","m5f2"
"p5q1f","m5f4"
"p5q1g","m5f8b2"
"p5q1h","m5f8c2"
"p5q1i","m5i19a"
"p5q1j","m5j1"
"p5q1k","m5j6b1"
"p5q1l","m5hhsize"
"p5q1m","f5a3c"
"p5q1n","f5a3e"
"p5q2a","f5a4"
"p5q2b","f5a5c01"
"p5q2c","f5a5d01"
"p5q2d","f5a6a"
"p5q2e","f5a6c01"
"p5q3a","f5a6c02"
"p5q3b","f5a6f01"
"p5q3c","f5a8f01"
"p5q3d","f5a101"
"p5q3e","f5b12"
"p5q3f","f5g35"
"p5q3g","f5i10"
"p5q3h","f5i13"
"p5q3i","f5i19a"
"p5q3j","f5i21"
"p5q3k","f5i22"
"p5q3l","f5j1"
"p5q3m","f5j2a"
"p5q3n","f5j6b1"
"p5q3o","f5j6c"
"p5q3p","f5k7"
"p5q3q","f5k15a"
"p5q3r","f5k18"
"p5q3s","cf5hhsize"
"p5q3t","p5h9"
"p5q3u","p5h10"
"p5q3v","p5h15c"
"p5q3w","p5h16a"
"p5q3x","p5i3"
"p5q3y","p5i4"
"p5q3aa","p5i6"
"p5q3ab","p5i10a"
"p5q3ac","p5i12"
"p5q3ad","p5i15"
"p5q3ae","p5i25"
"p5q3af","p5i34"
"p5q3ag","p5j7"
"p5q3ah","p5j9"
"p5q3ai","p5j10"
"p5q3aj","p5l4b"
"p5q3ak","hv5_dspr"
"p5q3al","hv5_dsss"
"p5q3am","hv5_dsraw"
"p5q3an","hv5_ppvtss"
"p5q3ao","hv5_wj9ss"
"p5q3ap","hv5_wj10ss"
"p5q3aq","hv5_wj9raw"
"p5q3ar","o5a8"
"p5q3as","hv5_9a1"
"p5q3at","hv5_9a2"
"p5q3au","hv5_11a1"
"p5q3av","hv5_11a2"
"p5q3aw","hv5_cwtlb"
"p5q3ax","hv5_chtcm"
"p5q3ay","hv5_cwtkg"
"p5q3az","hv5_cbmi"
"p5q3ba","hv5_agem"
"p5q3bb1","hv5_waz"
"p5q3bb2","hv5_wap"
"p5q3bb3","hv5_bmiz"
"p5q3bb4","hv5_bmip"
"p5q3bb5","hv5_haz"
"p5q3bb6","hv5_hap"
"p5q3bb7","hv5_8a1"
"p5q3bb8","hv5_8a2"
"p5q3bc","hv5_mwtlb"
"p5q3bd","hv5_mhtcm"
"p5q3be","hv5_mwtkg"
"p5q3bf","hv5_mbmi"
"p5q3bg","hv5_mbmiz"
"p5q3bh","t5a5"
"p5q3bi","t5e1"
"p5q3bj","t5e2"
"p5q3bk","t5e6"
"p5q3bl","t5e12"
"p5q3bm","t5e13"
"p5q3bn","t5e20"
"p5q3bo","cf5age"
"p5q3bp","cm5age"
"p5q3bq","cm5b_age"
"p5q3br","cf5b_age"
"p5q3bs","cm5hhinc"
"p5q3bt","cf5hhinc"
"p5q3bu","cf5hhincb"
"p5q3bv","cm5povco"
"p5q3bw","cf5povco"
"p5q3bx","cf5povcob"
"p5q3by","hv5_ppvtae"
"p5q3bz","hv5_ppvtpr"
"p5q3ca","hv5_wj9pr"
"p5q3cb","hv5_wj9ae"
"p5q3cd","hv5_wj10pr"
"p5q3ce","hv5_wj10ae"
"p5q3cf","hv5_dsae"
"p5q3cg","m5a4"
"p5q3ch","m5b12a"
"p5q3ci","m5c1"
"p5q3cj","m5d2f1"
"p5q3ck","m5d2f2"
"p5q3cl","m5d7"
"p5q3cm","m5f2"
"p5q3cn","m5f4"
"p5q3co","m5f8b2"
"p5q3cp","m5f8c2"
"p5q3cq","m5i19a"
"p5q3cr","m5j1"
"p5q3cs","m5j6b1"
"p5q3ct","m5hhsize"
"p5q3cu","f5a3c"
"p5q3cv","f5a3e"
"p5q3cw","f5a4"
"p5q3cx","f5a5c01"
"p5q3cy","f5a5d01"
"p5q3cz","f5a6a"
"p5q3da","f5a6c01"
"p5q3db","f5a6c02"
"p5q3dc","f5a6f01"
"p5q3dd","f5a8f01"
"p5q3de","f5a101"
"p5q3df","f5b12"
"p5q3dg","f5g35"
"p5q3dh","f5i10"
"p5q3di","f5i13"
"p5q3dj","f5i19a"
"p5q3dk","f5i21"
"p5q3dl","f5i22"
"p5q3dm","f5j1"
"p5q3dn","f5j2a"
"p5q3do","f5j6b1"
"p5q4a","f5j6c"
"p5q4","f5k7"
"hv5_6","f5k15a"
"hv5_12","f5k18"
"hv5_13","cf5hhsize"
"ihostat","p5h9"
"hv5_10","p5h10"
"o5a1","p5h15c"
"o5a2","p5h16a"
"o5a3","p5i3"
"o5a4","p5i4"
"o5a5","p5i6"
"o5a6a","p5i10a"
"o5a6b","p5i12"
"o5a6c","p5i15"
"o5a6d","p5i25"
"o5a6e","p5i34"
"o5a6f","p5j7"
"o5a7a","p5j9"
"o5a7b","p5j10"
"o5a7c","p5l4b"
"o5a9","hv5_dspr"
"o5c1","hv5_dsss"
"o5c2","hv5_dsraw"
"o5c3","hv5_ppvtss"
"o5c4","hv5_wj9ss"
"o5c5","hv5_wj10ss"
"o5c6","hv5_wj9raw"
"o5c7","o5a8"
"o5c8","hv5_9a1"
"o5c9","hv5_9a2"
"o5c10","hv5_11a1"
"o5c11","hv5_11a2"
"o5c12","hv5_cwtlb"
"o5c13","hv5_chtcm"
"o5c14","hv5_cwtkg"
"o5d2","hv5_cbmi"
"o5d3","hv5_agem"
"o5d4","hv5_waz"
"o5d5","hv5_wap"
"o5e1","hv5_bmiz"
"o5e2","hv5_bmip"
"o5e3","hv5_haz"
"o5e4","hv5_hap"
"o5e5","hv5_8a1"
"o5e6","hv5_8a2"
"o5e7","hv5_mwtlb"
"o5e8","hv5_mhtcm"
"o5e9","hv5_mwtkg"
"o5e10","hv5_mbmi"
"o5e11","hv5_mbmiz"
"o5e12","t5a5"
"o5e13","t5e1"
"o5e14","t5e2"
"o5e15","t5e6"
"o5e16","t5e12"
"o5e17","t5e13"
"o5e18a","t5e20"
"o5e18b","cf5age"
"o5e18c","cm5age"
"o5e18d","cm5b_age"
"o5e18e","cf5b_age"
"o5e18f","cm5hhinc"
"o5e18g","cf5hhinc"
"o5e18h","cf5hhincb"
"o5e18i","cm5povco"
"o5f1","cf5povco"
"o5f2","cf5povcob"
"o5f3","hv5_ppvtae"
"o5f4","hv5_ppvtpr"
"o5f5","hv5_wj9pr"
"o5f6","hv5_wj9ae"
"o5f7","hv5_wj10pr"
"o5f8","hv5_wj10ae"
"o5f9","hv5_dsae"
"o5f10","m5a4"
"o5f11","m5b12a"
"o5g1","m5c1"
"o5g2","m5d2f1"
"o5g3","m5d2f2"
"o5g4","m5d7"
"o5g5","m5f2"
"o5g6a","m5f4"
"o5g6b","m5f8b2"
"o5g6c","m5f8c2"
"o5g6d","m5i19a"
"o5g6e","m5j1"
"o5g7","m5j6b1"
"o5FamAtCA","m5hhsize"
"o5FamAtCI","f5a3c"
"o5FamAtInt","f5a3e"
"o5d1_1","f5a4"
"o5d1_2","f5a5c01"
"o5d1_3","f5a5d01"
"o5d1_4","f5a6a"
"o5d1_5","f5a6c01"
"o5d1_6","f5a6c02"
"o5d1_7","f5a6f01"
"o5d1_8","f5a8f01"
"o5d1_10","f5a101"
"o5d1_91","f5b12"
"o5g8_1","f5g35"
"o5g8_2","f5i10"
"o5g8_3","f5i13"
"o5oint","f5i19a"
"hv5_9","f5i21"
"hv5_11","f5i22"
"hv5_cflag","f5j1"
"hv5_8","f5j2a"
"hv5_selfht","f5j6b1"
"hv5_selfwt","f5j6c"
"hv5_mflag","f5k7"
"ck5saliva","f5k15a"
"t5a4","f5k18"
"t5a6","cf5hhsize"
"t5a9a","p5h9"
"t5a9b","p5h10"
"t5a9c","p5h15c"
"t5a9d","p5h16a"
"t5a9e","p5i3"
"t5a9f","p5i4"
"t5a9g","p5i6"
"t5a9h","p5i10a"
"t5a9i","p5i12"
"t5a9j","p5i15"
"t5a9k","p5i25"
"t5a9l","p5i34"
"t5a9m","p5j7"
"t5a9n","p5j9"
"t5a9o","p5j10"
"t5a9p","p5l4b"
"t5a9q","hv5_dspr"
"t5a9r","hv5_dsss"
"t5a10","hv5_dsraw"
"t5b1a","hv5_ppvtss"
"t5b1b","hv5_wj9ss"
"t5b1c","hv5_wj10ss"
"t5b1d","hv5_wj9raw"
"t5b1e","o5a8"
"t5b1f","hv5_9a1"
"t5b1g","hv5_9a2"
"t5b1h","hv5_11a1"
"t5b1i","hv5_11a2"
"t5b1j","hv5_cwtlb"
"t5b1k","hv5_chtcm"
"t5b1l","hv5_cwtkg"
"t5b1m","hv5_cbmi"
"t5b1n","hv5_agem"
"t5b1o","hv5_waz"
"t5b1p","hv5_wap"
"t5b1q","hv5_bmiz"
"t5b1r","hv5_bmip"
"t5b1s","hv5_haz"
"t5b1t","hv5_hap"
"t5b1u","hv5_8a1"
"t5b1v","hv5_8a2"
"t5b1w","hv5_mwtlb"
"t5b1x","hv5_mhtcm"
"t5b1y","hv5_mwtkg"
"t5b1z","hv5_mbmi"
"t5b1aa","hv5_mbmiz"
"t5b1ab","t5a5"
"t5b1ac","t5e1"
"t5b1ad","t5e2"
"t5b2a","t5e6"
"t5b2b","t5e12"
"t5b2c","t5e13"
"t5b2d","t5e20"
"t5b2e","cf5age"
"t5b2f","cm5age"
"t5b2g","cm5b_age"
"t5b3a","cf5b_age"
"t5b3b","cm5hhinc"
"t5b3c","cf5hhinc"
"t5b3d","cf5hhincb"
"t5b3e","cm5povco"
"t5b3f","cf5povco"
"t5b3g","cf5povcob"
"t5b3h","hv5_ppvtae"
"t5b3i","hv5_ppvtpr"
"t5b3j","hv5_wj9pr"
"t5b3k","hv5_wj9ae"
"t5b3l","hv5_wj10pr"
"t5b4a","hv5_wj10ae"
"t5b4b","hv5_dsae"
"t5b4c","m5a4"
"t5b4d","m5b12a"
"t5b4e","m5c1"
"t5b4f","m5d2f1"
"t5b4g","m5d2f2"
"t5b4h","m5d7"
"t5b4i","m5f2"
"t5b4j","m5f4"
"t5b4k","m5f8b2"
"t5b4l","m5f8c2"
"t5b4m","m5i19a"
"t5b4n","m5j1"
"t5b4o","m5j6b1"
"t5b4p","m5hhsize"
"t5b4q","f5a3c"
"t5b4r","f5a3e"
"t5b4s","f5a4"
"t5b4t","f5a5c01"
"t5b4u","f5a5d01"
"t5b4v","f5a6a"
"t5b4w","f5a6c01"
"t5b4x","f5a6c02"
"t5b4y","f5a6f01"
"t5b4z","f5a8f01"
"t5b4aa","f5a101"
"t5b4ab","f5b12"
"t5c1","f5g35"
"t5c5","f5i10"
"t5c6","f5i13"
"t5c7a","f5i19a"
"t5c7b","f5i21"
"t5c7c","f5i22"
"t5c7d","f5j1"
"t5c7e","f5j2a"
"t5c7f","f5j6b1"
"t5c7g","f5j6c"
"t5c7h","f5k7"
"t5c7i","f5k15a"
"t5c7j","f5k18"
"t5c7k","cf5hhsize"
"t5c7l","p5h9"
"t5c7m","p5h10"
"t5c7n","p5h15c"
"t5c7o","p5h16a"
"t5c7p","p5i3"
"t5c8a","p5i4"
"t5c8b","p5i6"
"t5c8c","p5i10a"
"t5c9","p5i12"
"t5c10","p5i15"
"t5c11","p5i25"
"t5c12","p5i34"
"t5c13a","p5j7"
"t5c13b","p5j9"
"t5c13c","p5j10"
"t5c14","p5l4b"
"t5c15","hv5_dspr"
"t5c16","hv5_dsss"
"t5c17","hv5_dsraw"
"t5d1a","hv5_ppvtss"
"t5d1b","hv5_wj9ss"
"t5d1c","hv5_wj10ss"
"t5d1d","hv5_wj9raw"
"t5d1e","o5a8"
"t5d2","hv5_9a1"
"t5d3","hv5_9a2"
"t5d4","hv5_11a1"
"t5d5","hv5_11a2"
"t5d6","hv5_cwtlb"
"t5d7","hv5_chtcm"
"t5d8a","hv5_cwtkg"
"t5d8b","hv5_cbmi"
"t5e3","hv5_agem"
"t5e4a","hv5_waz"
"t5e4b","hv5_wap"
"t5e4c","hv5_bmiz"
"t5e4d","hv5_bmip"
"t5e5","hv5_haz"
"t5e8","hv5_hap"
"t5e9a","hv5_8a1"
"t5e9b","hv5_8a2"
"t5e9c","hv5_mwtlb"
"t5e9d","hv5_mhtcm"
"t5e10a1","hv5_mwtkg"
"t5e10a2","hv5_mbmi"
"t5e10b1","hv5_mbmiz"
"t5e10b2","t5a5"
"t5e11","t5e1"
"t5e15a","t5e2"
"t5e15b","t5e6"
"t5e15c","t5e12"
"t5e15d","t5e13"
"t5e15e","t5e20"
"t5e15f","cf5age"
"t5e16a","cm5age"
"t5e16b","cm5b_age"
"t5e16c","cf5b_age"
"t5e17a","cm5hhinc"
"t5e17b","cf5hhinc"
"t5e17c","cf5hhincb"
"t5e18a","cm5povco"
"t5e18b","cf5povco"
"t5e18c","cf5povcob"
"t5e18d","hv5_ppvtae"
"t5e18e","hv5_ppvtpr"
"t5e18f","hv5_wj9pr"
"t5e19a","hv5_wj9ae"
"t5e19b","hv5_wj10pr"
"t5e19c","hv5_wj10ae"
"t5e19d","hv5_dsae"
"t5e19e","m5a4"
"t5e19f","m5b12a"
"t5e21","m5c1"
"t5e22a","m5d2f1"
"t5e22b","m5d2f2"
"t5e22c","m5d7"
"t5e22d","m5f2"
"t5f1a","m5f4"
"t5f1b","m5f8b2"
"t5f1c","m5f8c2"
"t5f1d","m5i19a"
"t5f1e","m5j1"
"t5f1f","m5j6b1"
"t5f2","m5hhsize"
"t5f3","f5a3c"
"t5f4a","f5a3e"
"t5f4b","f5a4"
"t5f4c","f5a5c01"
"t5f4d","f5a5d01"
"t5f5a","f5a6a"
"t5f5b","f5a6c01"
"t5f5c","f5a6c02"
"t5f5d","f5a6f01"
"t5f5e","f5a8f01"
"t5f5f","f5a101"
"t5f5g","f5b12"
"t5a2b","f5g35"
"t5e7_1","f5i10"
"t5e7_2","f5i13"
"t5e7_3","f5i19a"
"t5e7_4","f5i21"
"t5e14_1","f5i22"
"t5e14_2","f5j1"
"t5e14_3","f5j2a"
"t5e14_4","f5j6b1"
"t5a11_1","f5j6c"
"t5a11_2","f5k7"
"t5a11_3","f5k15a"
"t5a11_4","f5k18"
"t5a11_5","cf5hhsize"
"t5status","p5h9"
"t5tint","p5h10"
"cf5tele","p5h15c"
"cf5span","p5h16a"
"cf5new108","p5i3"
"cf5marp","p5i4"
"cf5marm","p5i6"
"cf5cohm","p5i10a"
"cf5cohp","p5i12"
"cm5natsm","p5i15"
"cf5natsm","p5i25"
"cm5citsm","p5i34"
"cf5citsm","p5j7"
"cf5twoc","p5j9"
"cm5finjail","p5j10"
"cm5fevjail","p5l4b"
"cf5finjail","hv5_dspr"
"cf5fevjail","hv5_dsss"
"cm5edu","hv5_dsraw"
"cf5edu","hv5_ppvtss"
"cm5hhimp","hv5_wj9ss"
"cf5hhimp","hv5_wj10ss"
"cf5hhimpb","hv5_wj9raw"
"cm5povca","o5a8"
"cf5povca","hv5_9a1"
"cf5povcab","hv5_9a2"
"cf5samp","hv5_11a1"
"hv5_ppvtae_isna","hv5_11a2"
"hv5_wj9ae_isna","hv5_cwtlb"
"hv5_wj10ae_isna","hv5_chtcm"
"hv5_ppvtpr_isna","hv5_cwtkg"
"hv5_wj9pr_isna","hv5_cbmi"
"hv5_wj10pr_isna","hv5_agem"
"hv5_dsae_isna","hv5_waz"
"m5a4_isna","hv5_wap"
"m5b12a_isna","hv5_bmiz"
"m5c1_isna","hv5_bmip"
"m5d2f1_isna","hv5_haz"
"m5d2f2_isna","hv5_hap"
"m5d7_isna","hv5_8a1"
"m5f2_isna","hv5_8a2"
"m5f4_isna","hv5_mwtlb"
"m5f8b2_isna","hv5_mhtcm"
"m5f8c2_isna","hv5_mwtkg"
"m5i19a_isna","hv5_mbmi"
"m5j1_isna","hv5_mbmiz"
"m5j6b1_isna","t5a5"
"m5hhsize_isna","t5e1"
"f5a3c_isna","t5e2"
"f5a3e_isna","t5e6"
"f5a4_isna","t5e12"
"f5a5c01_isna","t5e13"
"f5a5d01_isna","t5e20"
"f5a6a_isna","cf5age"
"f5a6c01_isna","cm5age"
"f5a6c02_isna","cm5b_age"
"f5a6f01_isna","cf5b_age"
"f5a8f01_isna","cm5hhinc"
"f5a101_isna","cf5hhinc"
"f5b12_isna","cf5hhincb"
"f5g35_isna","cm5povco"
"f5i10_isna","cf5povco"
"f5i13_isna","cf5povcob"
"f5i19a_isna","hv5_ppvtae"
"f5i21_isna","hv5_ppvtpr"
"f5i22_isna","hv5_wj9pr"
"f5j1_isna","hv5_wj9ae"
"f5j2a_isna","hv5_wj10pr"
"f5j6b1_isna","hv5_wj10ae"
"f5j6c_isna","hv5_dsae"
"f5k7_isna","m5a4"
"f5k15a_isna","m5b12a"
"f5k18_isna","m5c1"
"cf5hhsize_isna","m5d2f1"
"p5h9_isna","m5d2f2"
"p5h10_isna","m5d7"
"p5h15c_isna","m5f2"
"p5h16a_isna","m5f4"
"p5i3_isna","m5f8b2"
"p5i4_isna","m5f8c2"
"p5i6_isna","m5i19a"
"p5i10a_isna","m5j1"
"p5i12_isna","m5j6b1"
"p5i15_isna","m5hhsize"
"p5i25_isna","f5a3c"
"p5i34_isna","f5a3e"
"p5j7_isna","f5a4"
"p5j9_isna","f5a5c01"
"p5j10_isna","f5a5d01"
"p5l4b_isna","f5a6a"
"hv5_dspr_isna","f5a6c01"
"hv5_dsss_isna","f5a6c02"
"hv5_dsraw_isna","f5a6f01"
"hv5_ppvtss_isna","f5a8f01"
"hv5_wj9ss_isna","f5a101"
"hv5_wj10ss_isna","f5b12"
"hv5_wj9raw_isna","f5g35"
"o5a8_isna","f5i10"
"hv5_9a1_isna","f5i13"
"hv5_9a2_isna","f5i19a"
"hv5_11a1_isna","f5i21"
"hv5_11a2_isna","f5i22"
"hv5_cwtlb_isna","f5j1"
"hv5_chtcm_isna","f5j2a"
"hv5_cwtkg_isna","f5j6b1"
"hv5_cbmi_isna","f5j6c"
"hv5_agem_isna","f5k7"
"hv5_waz_isna","f5k15a"
"hv5_wap_isna","f5k18"
"hv5_bmiz_isna","cf5hhsize"
"hv5_bmip_isna","p5h9"
"hv5_haz_isna","p5h10"
"hv5_hap_isna","p5h15c"
"hv5_8a1_isna","p5h16a"
"hv5_8a2_isna","p5i3"
"hv5_mwtlb_isna","p5i4"
"hv5_mhtcm_isna","p5i6"
"hv5_mwtkg_isna","p5i10a"
"hv5_mbmi_isna","p5i12"
"hv5_mbmiz_isna","p5i15"
"t5a5_isna","p5i25"
"t5e1_isna","p5i34"
"t5e2_isna","p5j7"
"t5e6_isna","p5j9"
"t5e12_isna","p5j10"
"t5e13_isna","p5l4b"
"t5e20_isna","hv5_dspr"
"cf5age_isna","hv5_dsss"
"cm5age_isna","hv5_dsraw"
"cm5b_age_isna","hv5_ppvtss"
"cf5b_age_isna","hv5_wj9ss"
"cm5hhinc_isna","hv5_wj10ss"
"cf5hhinc_isna","hv5_wj9raw"
"cf5hhincb_isna","o5a8"
"cm5povco_isna","hv5_9a1"
"cf5povco_isna","hv5_9a2"
"cf5povcob_isna","hv5_11a1"
