"","Code","Description"
"1","f5a2a","A2A. Seen child in last year"
"2","f5a2b","A2B. Ever lived with child {most of the time}"
"3","f5a3","F5A3. Number of months ago child stopped living with you"
"4","f5a3a2","A3A2. Person with whom child usually lives"
"5","f5a3b","A3B. Child's foster parents related to you"
"6","f5a3b1a","A3B1A. Person in A3A2 receives any kind of payment for taking care of child"
"7","f5a3c","A3C. Number of months child has been living there"
"8","f5a3d","A3D. Expect child to live with you again during coming year"
"9","f5a3e","A3E. Number of days you saw child in the past 30 days"
"10","f5a3f","A3F. Confirm person child lives with when not living with respondent"
"11","f5a3g","A3G. Number of days child lived with you out of past 30 days"
"12","f5a4","A4. Relationship with child's biological mother now"
"13","f5a4b","A4B. Month mother died"
"14","f5a4b2","A4B2. Year mother died"
"15","f5a4c","A4C. Cause of mother's death"
"16","f5a4h1","A4H1. Month you and mother got separated/divorced"
"17","f5a4h2","A4H2. Year you and mother got separated/divorced"
"18","f5a4j1","A4J1. Month your romantic relationship with mother ended"
"19","f5a4j2","A4J2. Year your romantic relationship with mother ended"
"20","f5a4m","A4M. How often you and mother see or talk to each other"
"21","f5a5","A5. Not including yourself and child, number of people currently living with you"
"22","f5a51","A51. Not including yourself and child, number of people currently living with yo"
"23","f5a5b01","A5B. Gender of household member"
"24","f5a5c01","A5C. Age of household member"
"25","f5a5c01a","A5C2. Age range of household member"
"26","f5a5d01","A5D. Household member's relationship to you"
"27","f5a5e01","A5E. Household member currently working"
"28","f5a5b02","A5B. Gender of household member"
"29","f5a5c02","A5C. Age of household member"
"30","f5a5c02a","A5C2. Age range of household member"
"31","f5a5d02","A5D. Household member's relationship to you"
"32","f5a5e02","A5E. Household member currently working"
"33","f5a5b03","A5B. Gender of household member"
"34","f5a5c03","A5C. Age of household member"
"35","f5a5c03a","A5C2. Age range of household member"
"36","f5a5d03","A5D. Household member's relationship to you"
"37","f5a5e03","A5E. Household member currently working"
"38","f5a5b04","A5B. Gender of household member"
"39","f5a5c04","A5C. Age of household member"
"40","f5a5c04a","A5C2. Age range of household member"
"41","f5a5d04","A5D. Household member's relationship to you"
"42","f5a5e04","A5E. Household member currently working"
"43","f5a5b05","A5B. Gender of household member"
"44","f5a5c05","A5C. Age of household member"
"45","f5a5c05a","A5C2. Age range of household member"
"46","f5a5d05","A5D. Household member's relationship to you"
"47","f5a5e05","A5E. Household member currently working"
"48","f5a5b06","A5B. Gender of household member"
"49","f5a5c06","A5C. Age of household member"
"50","f5a5c06a","A5C2. Age range of household member"
"51","f5a5d06","A5D. Household member's relationship to you"
"52","f5a5e06","A5E. Household member currently working"
"53","f5a5b07","A5B. Gender of household member"
"54","f5a5c07","A5C. Age of household member"
"55","f5a5c07a","A5C2. Age range of household member"
"56","f5a5d07","A5D. Household member's relationship to you"
"57","f5a5e07","A5E. Household member currently working"
"58","f5a5b08","A5B. Gender of household member"
"59","f5a5c08","A5C. Age of household member"
"60","f5a5c08a","A5C2. Age range of household member"
"61","f5a5d08","A5D. Household member's relationship to you"
"62","f5a5e08","A5E. Household member currently working"
"63","f5a5b09","A5B. Gender of household member"
"64","f5a5c09","A5C. Age of household member"
"65","f5a5c09a","A5C2. Age range of household member"
"66","f5a5d09","A5D. Household member's relationship to you"
"67","f5a5e09","A5E. Household member currently working"
"68","f5a5f","A5F. Anyone else who usually lives here"
"69","f5a5h","A5H. Spouse/partner who lives in household"
"70","f5a5j","A5J. Verify correct number and names of people living with father."
"71","f5a5l","A5L. Number of other biological children you have that are living in your househ"
"72","f5a6","A6. Biological children living apart from you"
"73","f5a6a","A6A. Number of biological children living apart from you"
"74","f5a6c01","A6C. Age of biological child in A6B"
"75","f5a6c02","A6C. Age of biological child in A6B"
"76","f5a6c03","A6C. Age of biological child in A6B"
"77","f5a6c04","A6C. Age of biological child in A6B"
"78","f5a6c05","A6C. Age of biological child in A6B"
"79","f5a6c06","A6C. Age of biological child in A6B"
"80","f5a6c07","A6C. Age of biological child in A6B"
"81","f5a6c08","A6C. Age of biological child in A6B"
"82","f5a6c09","A6C. Age of biological child in A6B"
"83","f5a6c10","A6C. Age of biological child in A6B"
"84","f5a6e","A6E. Biological children who do not live with you all live in same place"
"85","f5a6f01","A6F. Who biological child in A6B is currently living with"
"86","f5a6f02","A6F. Who biological child in A6B is currently living with"
"87","f5a6f03","A6F. Who biological child in A6B is currently living with"
"88","f5a7","A7. Children that have died"
"89","f5a7a","A7A. Number of children that have died"
"90","f5a8","A8. Confirm number of biological children."
"91","f5a8a","A8A. Number of biological children in total"
"92","f5a8a2","A8A2. Correct the number of biological children living with you or elsewhere."
"93","f5a8b01","A8B. First name of mother of biological child n"
"94","f5a8f01","A8F. Your relationship with the mother at biological child's birth"
"95","f5a8b02","A8B. First name of mother of biological child n"
"96","f5a8f02","A8F. Your relationship with the mother at biological child's birth"
"97","f5a8b03","A8B. First name of mother of biological child n"
"98","f5a8f03","A8F. Your relationship with the mother at biological child's birth"
"99","f5a8b04","A8B. First name of mother of biological child n"
"100","f5a8f04","A8F. Your relationship with the mother at biological child's birth"
"101","f5a8b05","A8B. First name of mother of biological child n"
"102","f5a8f05","A8F. Your relationship with the mother at biological child's birth"
"103","f5a8b06","A8B. First name of mother of biological child n"
"104","f5a8f06","A8F. Your relationship with the mother at biological child's birth"
"105","f5a8b07","A8B. First name of mother of biological child n"
"106","f5a8f07","A8F. Your relationship with the mother at biological child's birth"
"107","f5a8b08","A8B. First name of mother of biological child n"
"108","f5a8f08","A8F. Your relationship with the mother at biological child's birth"
"109","f5a8b09","A8B. First name of mother of biological child n"
"110","f5a8f09","A8F. Your relationship with the mother at biological child's birth"
"111","f5a8b10","A8B. First name of mother of biological child n"
"112","f5a8f10","A8F. Your relationship with the mother at biological child's birth"
"113","f5a10","A10. Number of romantic relationships you had that lasted at least 1 month"
"114","f5a101","A101. Number of romantic relationships you had that lasted at least 1 month"
"115","f5a10a","A10A. Number range of romantic relationships you had that lasted at least 1 mont"
"116","f5a11","A11. Lived together with partner(s) for one month or more"
"117","f5a11a","A11A. Number of different partners you lived with for one month or more"
"118","f5a11b","A11B. Married any of these women"
"119","f5b2x","B2X. Mother has seen child during the last year"
"120","f5b3x","B3X. Kind of mother you feel mother is to child"
"121","f5b4x","B4X. Number of days mother has seen child in last 30 days"
"122","f5b5x","B5X. Child has stayed overnight with mother during last 12 months"
"123","f5b6x","B6X. Number of nights child spent with mother during last 12 months"
"124","f5b6x1","B6X1. Range of nights child spent with mother during last 12 months"
"125","f5b8x","B8X. Frequency mother spent one or more hours/day with child in past month"
"126","f5b10x","B10X. Main reason mother doesn't see child more often"
"127","f5b11x","B11X. Ever asked mother to spend more time with child"
"128","f5b12x","B12X. Ever refused to let mother see child"
"129","f5b13x","B13X. Legal agreement/Child support order requires mother provide financial supp"
"130","f5b14x","B14X. Primary reason mother does not have child support order"
"131","f5b16x","B16X. Reason you don't want mother involved"
"132","f5b17x","B17X. Contacted child support enforcement office to find out about child support"
"133","f5b18x","B18X. Frequency mother pays on time"
"134","f5b19x","B19X. Child support agreement specifies anything about child-mother visits"
"135","f5b20x","B20X. Number of days per month child supposed to spend with mother"
"136","f5b21x","B21X. Number of days per month child supposed to spend with mother"
"137","f5b22x","B22X. Frequency mother gives you money or buys things directly for child"
"138","f5b23x","B23X. What mother was doing most of last week - working, school, something else"
"139","f5b24x","B24X. Mother has spent time in jail since last interview or in past 4 years"
"140","f5b28x","B28X. Length of time she spent in jail/prison"
"141","f5b28x1","B28X1. Unit: Length of time she spent in jail/prison"
"142","f5b29x1","B29X1. Month mother went to jail/prison"
"143","f5b29x2","B29X2. Year mother went to jail/prison"
"144","f5b30x1","B30X1. Month mother will be released from jail/prison"
"145","f5b30x2","B30X2. Year mother will be released from jail/prison"
"146","f5b31x","B31X. Mother has physical/mental health conditions that limit work she can do"
"147","f5b32x","B32X. Mother has problems because of alcohol or drug use"
"148","f5b2b","B2B. Child has stayed overnight with you during last 12 months"
"149","f5b2c","B2C. Number of nights child has spent with you during last 12 months"
"150","f5b2c1","B2C1. Range for number of nights child spent with you during last 12 months"
"151","f5b3","B3. Frequency in past month you spent one or more hours a day with child"
"152","f5b3b","B3B. Main reason you don't see child more often"
"153","f5b4","B4. Mother ever asked you to spend more time with child"
"154","f5b4a","B4A. Mother ever refused to let you see child"
"155","f5b6a","B6A. Your legal paternity has been established"
"156","f5b6a1","B6A1. Primary reason legal paternity has not been established"
"157","f5b8a","B8A. Have a legal agreement or child support order"
"158","f5b8b","B8B. Primary reason that you do not have child support order"
"159","f5b8d","B8D. Ever been contacted by child support enforcement office about child support"
"160","f5b9","B9. Month legal agreement first reached"
"161","f5b91","B91. Year legal agreement first reached"
"162","f5b10a","B10A. Your legal agreement is just for child or for other children as well"
"163","f5b11","B11. Any changes to legal agreement or child support order since it was reached"
"164","f5b11b1","B11B1. Month the original agreement changed"
"165","f5b11b2","B11B2. Year the original agreement changed"
"166","f5b12","B12. Amount the payments supposed to be per month"
"167","f5b12a","B12A. Amount the payments supposed to be per month"
"168","f5b12b","B12B. Unit: Amount the payments are supposed to be per month"
"169","f5b14","B14. Payments supposed to be given directly to mother, court, or somewhere else"
"170","f5b15","B15. Frequency you paid on time"
"171","f5b16","B16. Amount of child support you have actually paid"
"172","f5b16a","B16A. Approximate amount of child support you have actually paid"
"173","f5b16b","B16B. Given other money directly to mother instead of paying child support"
"174","f5b16c","B16C. Amount of money you gave to mother, not including formal child support"
"175","f5b16d","B16D. Range of amount of money you gave to mother, not including child support"
"176","f5b17","B17. Have arrears on the child support you are supposed to pay to mother"
"177","f5b17a","B17A. Amount of arrears on child support"
"178","f5b17b","B17B. Range of amount of arrears on child support"
"179","f5b17c","B17C. Action taken by welfare office/court/judge to get you to pay child support"
"180","f5b18a","B18A. Agreement specifies anything about visits between you and child"
"181","f5b18b","B18B. Days per month child is supposed to spend with you"
"182","f5b18c","B18C. Days per month child is supposed to spend with father"
"183","f5b21","B21. Paid anything toward child/children's support in past 12 months"
"184","f5b21a","B21A. Amount you paid for child/children's support in past 12 months"
"185","f5b21b","B21B. Range of amount paid for child/children's support in past 12 months"
"186","f5b22a","B22A. Frequency father buys or pays for clothes for child"
"187","f5b22b","B22B. Frequency father buys or pays for toys for child"
"188","f5b22c","B22C. Frequency father buys or pays for medicine for child"
"189","f5b22d","B22D. Frequency father buys or pays for food for child"
"190","f5b22e","B22E. Frequency father buys or pays for camp or school tuition for child"
"191","f5b22f","B22F. Frequency father buys or pays for school supplies for child"
"192","f5b22g","B22G. Frequency father buys or pays for entertainment items for child"
"193","f5b22h","B22H. Frequency father buys or pays for personal items for child"
"194","f5b22i","B22I. Frequency father buys or pays for anything else for child"
"195","f5b24","B24. Legal obligation to pay child support for child/children with someone else"
"196","f5b25","B25. Amount child support you paid for that child/those children in past 12 mos."
"197","f5b25a","B25A. Range of amount child support you paid for those children in past 12 mos."
"198","f5c1","C1. Your relationship with child's mother"
"199","f5c1a","C1A. How important that fathers provide regular financial support"
"200","f5c1b","C1B. How important that fathers teach children about life"
"201","f5c1c","C1C. How important that fathers provide direct care"
"202","f5c1d","C1D. How important that fathers show love and affection"
"203","f5c1e","C1E. How important that fathers provide protection"
"204","f5c1f","C1F. How important that fathers serve as an authority figure"
"205","f5c2a","C2A. You trust mother to take good care of child"
"206","f5c2b","C2B. Mother supports the way you want to raise child"
"207","f5c2c","C2C. You and mother talk about problems that come up with raising child"
"208","f5c2d","C2D. You respect mother's wishes about how child should be raised"
"209","f5c2e","C2E. You are critical of things mother does with child"
"210","f5c3a","C3A. Frequency father looks after child when mother needs to do things"
"211","f5c3b","C3B. Frequency father runs errands for mother"
"212","f5c3c","C3C. Frequency father fixes things around child's home"
"213","f5c3d","C3D. Frequency father takes child places he/she needs to go."
"214","f5c5a","C5A. Thought your relationship with mother might be in trouble"
"215","f5c5b","C5B. You and mother discussed ending your relationship"
"216","f5c5c","C5C. Talk to a close friend or relative about breaking up with mother"
"217","f5c6a","C6A. She is fair and willing to compromise when you have a disagreement"
"218","f5c6b","C6B. She expresses affection or love for you"
"219","f5c6c","C6C. She insults or criticizes you or your ideas"
"220","f5c6d","C6D. She encourages or helps you to do things that are important to you"
"221","f5c6e","C6E. She tries to keep you from seeing or talking to your friends or family"
"222","f5c6f","C6F. She tries to prevent you from going to work or school"
"223","f5c6g","C6G. She withholds money, makes you ask for money, or takes your money"
"224","f5c6h","C6H. She slaps or kicks you"
"225","f5c6i","C6I. She hits you with a fist or an object that could hurt you"
"226","f5c6j","C6J. She tries to make you have sex or do sexual things you don't want to do"
"227","f5c6k","C6K. She withholds sex to try to control your behavior"
"228","f5c6l","C6L. She insults/criticizes you for not taking good enough care of child/home"
"229","f5c6m","C6M. She throws something at you"
"230","f5c6n","C6N. She pushes, grabs, or shoves you"
"231","f5c6o","C6O. She listens to you when you need someone to talk to"
"232","f5c6p","C6P. She really understands your hurts and joys"
"233","f5c7","C7. You and mother had a physical fight in front of child"
"234","f5c8a","C8A. You or mother have been seriously hurt in a fight with each other"
"235","f5c9","C9. Mother ever cheated on you with another person after child's birth"
"236","f5c9a","C9A. You ever cheated on mother with another person after child's birth"
"237","f5d2","D2. Currently involved in a romantic relationship with someone other than mother"
"238","f5d2a2","D2A2. Current partner's gender"
"239","f5d2b","D2B. Married to current partner"
"240","f5d2c1","D2C1. Month you and current partner got married"
"241","f5d2c2","D2C2. Year you and current partner got married"
"242","f5d2d","D2D. You and current partner live together most of the time"
"243","f5d2e1","D2E1. Month you and current partner started living together"
"244","f5d2e2","D2E2. Year you and current partner started living together"
"245","f5d2f","D2F. Length of time you and current partner have been romantically involved"
"246","f5d2f1","D2F1. Number of years you and current partner have been romantically involved"
"247","f5d2f2","D2F2. Number of months you and current partner have been romantically involved"
"248","f5d2h","D2H. Current partner is same as reported at last interview/4 yrs ago"
"249","f5d3","D3. Age of current partner"
"250","f5d4m","D4M. Current partner's birth month"
"251","f5d4y","D4Y. Current partner's birth year"
"252","f5d5","D5. Current partner’s race"
"253","f5d5a","D5A. Current partner is of Hispanic or Latino origin or descent"
"254","f5d5b","D5B. Current partner is Mexican, Puerto Rican, Cuban, or other Hispanic"
"255","f5d6","D6. Highest grade of school current partner has completed"
"256","f5d6b","D6B. Grade current partner completed"
"257","f5d7","D7. What current partner was doing most of last week"
"258","f5d7a","D7A. Month and year current partner last worked at a job"
"259","f5d7b","D7B. Month current partner last worked at a job"
"260","f5d7c","D7C. Year current partner last worked at a job"
"261","f5d8","D8. Current partner engages in any activities for income or exchange"
"262","f5d9","D9. Current partner has physical/mental health conditions that limit work he/she"
"263","f5d10","D10. Current partner has problems because of alcohol or drug use"
"264","f5d11","D11. Current partner has any biological children"
"265","f5d11a","D11A. Number of biological children current partner has"
"266","f5d11b","D11B. Number of partners with whom current partner had biological children"
"267","f5d11d","D11D. You are biological father to this child/any of these children"
"268","f5d13","D13. This child/these children live with you"
"269","f5d13b","D13B. Current partner has biological children who do not reside with you"
"270","f5d13c","D13C. Any of these non-resident children under 18 year old"
"271","f5d13d","D13D. Current partner pays child support to any of these non-resident children"
"272","f5d13e","D13E. Current partner visits non-resident children."
"273","f5d13f","D13F. How well mother and your current partner get along"
"274","f5d21","D21. You and current partner had a physical fight in front of child in last year"
"275","f5d22","D22. You or current partner seriously hurt in a physical fight in last 12 months"
"276","f5d23","D23. Current partner spent any time in jail or prison"
"277","f5e1a","E1A. Country or territory where father's father was born"
"278","f5e1b","E1B. Country or territory where father's mother was born"
"279","f5e1d","E1D. United States citizen"
"280","f5e1e","E1E. Highest grade of school that father's biological mother completed"
"281","f5e1e1","E1E1. Grade father's biological mother completed"
"282","f5e1f","E1F. Highest grade of school father's biological father completed"
"283","f5e1f1","E1F1. Grade father's biological father completed"
"284","f5e1g","E1G. Both of father's parents living"
"285","f5e1h","E1H. Father's parents currently living together"
"286","f5e1i","E1I. How far away from father are father's parents living"
"287","f5e1j","E1J. How often child sees parents of father"
"288","f5e1k","E1K. How often child spends night with father's parents"
"289","f5e2","E2. Received any financial help from anyone in past 12 months"
"290","f5e2b","E2B. Amount of financial help or money father was given in past 12 months"
"291","f5e2c","E2C. Range of amount of financial help/money father was given in past 12 mos."
"292","f5e3","E3. Father could count on someone to loan him $200 during the next year"
"293","f5e3a","E3A. Father could count on someone to loan him $1000 during the next year"
"294","f5e4","E4. Father could count on someone to provide him with a place to live"
"295","f5e5","E5. Father could count on someone to help him with emergency child care"
"296","f5e6","E6. Father could count on someone to co-sign for a bank loan for $1000"
"297","f5e6a","E6A. Father could count on someone to co-sign for a bank loan for $5000"
"298","f5e6b","E6B. Someone would pay for child's extracurricular activities father can't affor"
"299","f5e7","E7. Any special person father feels close with and can depend on"
"300","f5f1","F1. Moved in last 4 yrs/since last interview"
"301","f5f1a","F1A. Number of times you have moved in last 4 yrs/since last interview"
"302","f5f2","F2. Your current housing situation"
"303","f5f3","F3. Approximate value of home"
"304","f5f3a","F3A. Approximate amount owed on this house"
"305","f5f3b","F3B. Monthly mortgage payments including taxes/insurance that are included"
"306","f5f3b1","F3B1. Name on the mortgage for this house"
"307","f5f4","Amount of rent paid each month"
"308","f5f4a","F4A. Name on the lease for this apartment/house/condo"
"309","f5f4b","F4B. Required to report your income and assets to your landlord annually"
"310","f5f5","F5. Home is in a public housing project"
"311","f5f6","F6. The federal, state, or local government helps to pay for your rent"
"312","f5f7a","F7A. In the past twelve months, you received help from an employment office"
"313","f5f7b","F7B. In the past twelve months, have you received help from a welfare office"
"314","f5f7c","F7C. In the past twelve months, you received help from any other agency"
"315","f5f8a1","F8A1. Received income from welfare/TANF in last 12 months"
"316","f5f8b1","F8B1. Number of months received income from welfare/TANF in last 12 months"
"317","f5f8c1","F8C1. Approximate amount received in the last month you received welfare/TANF"
"318","f5f8a2","F8A2. Received income from food stamps/EBT in last 12 months"
"319","f5f8b2","F8B2. Number of months received income from food stamps/EBT in last 12 months"
"320","f5f8c2","F8C2. Approximate amount received in the last month you received food stamps/EBT"
"321","f5f8a3","F8A3. Received income from other assistance in last 12 months"
"322","f5f8b3","F8B3. Number of months received income from other assistance in last 12 months"
"323","f5f8c3","F8C3. Approximate amount received in the last month you received other assistanc"
"324","f5f10","F10. Currently receiving welfare or TANF"
"325","f5f11","F11. Length of time you have been receiving welfare this time"
"326","f5f11a","F11A. Number of years you have been receiving welfare this time"
"327","f5f11b","F11B. Number of months you been receiving welfare this time"
"328","f5f12","F12. Received welfare or TANF at any time over the last four years"
"329","f5f13","F13. Month you last received welfare or TANF"
"330","f5f13a","F13A. Year you last received welfare or TANF"
"331","f5f14","F14. Your decision to stop receiving welfare/TANF or welfare department stopped"
"332","f5f14a","F14A. Reason you decided to stop receiving cash aid"
"333","f5f14b","F14B. Reason the welfare office stopped or cut off your cash aid"
"334","f5f16","F16. Required to do anything for welfare benefits"
"335","f5f17","F17. Welfare reduced/cut in past 12 months because did not fulfill requirements"
"336","f5f18","F18. Ever a time in past 12 months you thought you might be eligible for welfare"
"337","f5f18a","F18A. You applied for welfare in the past 12 months"
"338","f5f18b","F18B. Result of welfare application"
"339","f5f18c","F18C. Reason you did not apply for welfare"
"340","f5f18d","F18D. You or child received Supplemental Security Income in the past 12 months"
"341","f5f18e","Who received SSI in past 12 months"
"342","f5f18f","Number of months received SSI in past 12 months"
"343","f5f18g","Approximate amount received from SSI each month"
"344","f5f20","F20. Ever a time in past 12 months you might be eligible for food stamps/EBT"
"345","f5f20a","F20A. You applied for food stamps/EBT in the past 12 months"
"346","f5f20b","F20B. Result of food stamps/EBT application"
"347","f5f21","F21. Filled out a federal tax return for 2005 or 2006"
"348","f5f22","F22. Filled out a special form to claim Earned Income Credit, Schedule EIC"
"349","f5f23a","F23A. Received free food or meals in past 12 months"
"350","f5f23b","F23B. Were hungry but didn't eat because couldn't afford food in past 12 months"
"351","f5f23c","F23C. Did not pay full amount of rent/mortgage payments in past 12 months"
"352","f5f23d","F23D. Were evicted from home/apartment for not paying rent in past 12 months"
"353","f5f23e","F23E. Did not pay full amount of gas/oil/electricity bill in past 12 months"
"354","f5f23f","F23F. Gas/electric service turned off because not enough money in past 12 months"
"355","f5f23g","F23G. Borrowed money from friends/family to help pay bills in past 12 months"
"356","f5f23h","F23H. Moved in with other people because of financial problems in past 12 months"
"357","f5f23i","F23I. Stayed at shelter/other place not meant for regular housing in past 12 mon"
"358","f5f23j","F23J. Someone in hh needed to see doctor but couldn't because of cost in past 12"
"359","f5f23k","F23K. Telephone service disconnected because wasn't enough money in past 12 mont"
"360","f5f23l","F23L. Number of days in past 12 months you were without phone service"
"361","f5f24","F24. You were stopped by police but not picked up/arrested since last interview"
"362","f5f25","F25. You have been booked/charged with breaking a law since last interview"
"363","f5f26","F26. You currently have charges pending against you"
"364","f5f26a","F26A. Number of charges you currently have pending"
"365","f5f27","F27. Convicted of any charges since last interview"
"366","f5f27a","F27A. Number of times convicted of something since last interview"
"367","f5f28b","F28B. You have ever spent time in a correctional institution"
"368","f5f28c","F28C. You spent time in a youth correctional institution"
"369","f5f28d","F28D. Number of months served in youth institutions"
"370","f5f28e","F28E. You spent time in an adult correctional institution"
"371","f5f28f","F28F. Amount of time served in adult institutions"
"372","f5f28f1","F28F1. Unit of time served in adult institutions"
"373","f5f28h","F28H. Age when first sent to a correctional institution"
"374","f5f28i1","F28I1. Month most recent incarceration started"
"375","f5f28i2","F28I2. Year your most recent incarceration started"
"376","f5f28j1","F28J1. Date last released from incarceration"
"377","f5f28j2","F28J2. Month you were released the most recent time"
"378","f5f28j3","F28J3. Year you were released the most recent time"
"379","f5f29","F29. Ever required to perform community service or been on probation"
"380","f5g0","G0. How satisfied you are with your life overall"
"381","f5g1","G1. Your health status in general"
"382","f5g2","G2. You have a serious health problem that limits the work you can do"
"383","f5g2b","G2B. You regularly take prescribed medication for physical/mental health problem"
"384","f5g2b1a","G2B1A. You take prescribed medication for diabetes"
"385","f5g2b1b","G2B1B. You take prescribed medication for Asthma"
"386","f5g2b1c","G2B1C. You take prescribed medication for High Blood Pressure"
"387","f5g2b1d","G2B1D. You take prescribed medication for Depression"
"388","f5g2b1e","G2B1E. You take prescribed medication for Anxiety"
"389","f5g2b1f","G2B1F. You take prescribed medication for Attention Deficit"
"390","f5g2b1g","G2B1G. You take prescribed medication for pain"
"391","f5g2b1h","G2B1H. You take prescribed medication for Seizures or Epilepsy"
"392","f5g2b1i","G2B1I. You take prescribed medication for anything else (specify)"
"393","f5g2c","G2C. Have stayed overnight in hospital or gone to ER in past 12 months"
"394","f5g2d","G2D. Number of stays overnight in a hospital in the past 12 months"
"395","f5g2d1","G2D1. Number of times gone to ER for your own injury/illness in past 12 months"
"396","f5g2e","G2E. You are currently covered by any type of health insurance"
"397","f5g3","G3. Felt sad/blue/depressed for 2 or more weeks in a row during past 12 months"
"398","f5g4","G4. Length of time feelings usually lasted during that 2 week period"
"399","f5g5","G5. Frequency you felt this way during those 2 weeks"
"400","f5g6","G6. During those 2 weeks, lost interest in things that usually give you pleasure"
"401","f5g7","G7. 2 wks during past 12 mos. when you lost interest in things that give pleasur"
"402","f5g8","G8. Length of time loss of interest usually lasted during that 2 week period"
"403","f5g9","G9. Frequency you felt this way during those 2 weeks"
"404","f5g10","G10. Felt more tired out or low on energy than usual during those 2 weeks"
"405","f5g11","G11. Gained or lost weight without trying during those 2 weeks"
"406","f5g11a","G11A. Number of pounds gained or lost during those 2 weeks"
"407","f5g12","G12. You had more trouble falling asleep than usual during those 2 weeks"
"408","f5g12a","G12A. Frequency had trouble falling asleep during those 2 weeks"
"409","f5g13","G13. You had more trouble concentrating than usual during those 2 weeks"
"410","f5g14","G14. You felt down on yourself, no good, or worthless during that 2 week period"
"411","f5g15","G15. You thought about death during those 2 weeks"
"412","f5g16a","G16A. I have little control over the things that happen to me"
"413","f5g16b","G16B. There is really no way I can solve some of the problems I have"
"414","f5g16c","G16C. There is little I can do to change many of the important things in my life"
"415","f5g16d","G16D. I often feel helpless in dealing with problems"
"416","f5g16e","G16E. Sometimes I feel that I’m being pushed around"
"417","f5g17","G17. You smoked cigarettes in the past month"
"418","f5g18","G18. Number of packs per day you usually smoke"
"419","f5g19","G19. The largest number of drinks you had in any single day in past 12 months"
"420","f5g19a","G19A. Frequency you had 4 or more drinks in one day in past 12 months"
"421","f5g20","Drinking/hangover interfered with work at school/job/home during past 12 months"
"422","f5g21a","G21A. Used sedatives on your own during past 12 months"
"423","f5g21b","G21B. Used tranquilizers on your own during past 12 months"
"424","f5g21c","G21C. Used amphetamines/other stimulants on your own during past 12 months"
"425","f5g21d","G21D. Used analgesics/prescription painkillers on your own during past 12 months"
"426","f5g21e","G21E. Used inhalants on your own during past 12 months"
"427","f5g21f","G21F. Used marijuana/hashish on your own during past 12 months"
"428","f5g21g","G21G. Used cocaine/crack/free base on your own during past 12 months"
"429","f5g21h","G21H. Used LSD/other hallucinogens on your own during past 12 months"
"430","f5g21i","G21I. Used heroin on your own during past 12 months"
"431","f5g21k","G21K. Frequency you used those drugs in past 12 months"
"432","f5g22","G22. Use of substances in past 12 mos. interfered with work at school/job/home"
"433","f5g23","G23. Received counseling/therapy/treatment for personal problems in past 12 mos."
"434","f5g24","G24. Ever had a spell/attack when you felt frightened/anxious/uneasy"
"435","f5g25","G25. Ever had a period of 1 mo. or more when most of time you felt worried/anxio"
"436","f5g25a","G25A. The longest period you felt worried or anxious"
"437","f5g25b","G25B. Number of years of longest period you felt worried or anxious"
"438","f5g25c","G25C. Number of months of longest period you felt worried or anxious"
"439","f5g27","G27. Ever had period lasting 2 yrs. or more when you felt depressed/sad most day"
"440","f5g27a","G27A. Period like that ever lasted 2 yrs. without feeling OK for 2 mos."
"441","f5g28","G28. Ever had 2 wks. or more when felt sad/blue/depressed nearly every day"
"442","f5g29","G29. Ever had 2 wks. or more when felt down in the dumps/low/grumpy nearly every"
"443","f5g30","G30. Ever been 2 wks. or more when lost interest in things you usually did for f"
"444","f5g31","G31. Ever completely lost all interest in things you usually liked to do for fun"
"445","f5g32","G32. Ever period of at least 2 days when so happy/excited you got into trouble"
"446","f5g33","G33. Ever period of several days when so irritable that you threw/broke things"
"447","f5g35","G35. Age when you had sexual intercourse for the first time"
"448","f5h1","H1. My religious faith is an important guide for my daily life"
"449","f5h2","H2. Frequency you attend religious services"
"450","f5h3","H3. You had a religious experience that transformed your life since last intervi"
"451","f5i1","I1. You are currently attending any school/trainings program/classes"
"452","f5i2a","I2A. Attending GED or ABE"
"453","f5i3","I3. Have completed training programs or years of schooling since last interview"
"454","f5i3a1","I3A1. Grade completed"
"455","f5i3a2","I3A2. Completed GED or ABE"
"456","f5i3b","I3B. You have taken classes to improve job skills since last interview"
"457","f5i3c","I3C. You received any kind of employment counseling since last interview"
"458","f5i4","I4. You did regular work for pay last week"
"459","f5i5","I5. You are currently looking for a regular job"
"460","f5i6","I6. Length of time you have been looking for a regular job"
"461","f5i7","I7. Reason you are not looking for a regular job"
"462","f5i8","I8. The hourly wage for which you would take a job"
"463","f5i8a","I8A. The hourly wage for which you would take a job"
"464","f5i9","I9. Date you last worked at a regular job lasting 2 weeks in a row or more"
"465","f5i9a","I9A. Month you last worked at a regular job lasting 2 weeks in a row or more"
"466","f5i9b","I9B. Year you last worked at a regular job lasting 2 weeks in a row or more"
"467","f5i10","I10. Number of hours you usually work per week"
"468","f5i11","I11. You work for yourself or for someone else in this job"
"469","f5i13","i13. how much you earn in that job, before taxes"
"470","f5i13p","I13P. Unit: Amount you usually earn in this job before taxes/deductions"
"471","f5i14a1","I14A1. At your primary job you regularly work weekdays"
"472","f5i14a2","I14A2. At your primary job you regularly work evenings"
"473","f5i14a3","I14A3. At your primary job you regularly work nights"
"474","f5i14a4","I14A4. At your primary job you regularly work weekends"
"475","f5i14a5","I14A5. At your primary job you regularly work different times each week"
"476","f5i14b1","I14B1. You sometimes also work weekdays"
"477","f5i14b2","I14B2. You sometimes also work evenings"
"478","f5i14b3","I14B3. You sometimes also work nights"
"479","f5i14b4","I14B4. You sometimes also work weekends"
"480","f5i14c","I14C. You belong to a labor union"
"481","f5i14d","I14D. Number of years you belonged to a labor union"
"482","f5i14f","I14F. Number of months you belonged to a labor union"
"483","f5i16a","I16A. My shift and work schedule caused extra stress for me and my child"
"484","f5i16b","I16B. Where I worked it was difficult to deal with child care problems"
"485","f5i16c","I16C. In my work schedule I had enough flexibility to handle family needs"
"486","f5i17","I17. In past 12 months you worked more than one regular job at the same time"
"487","f5i18","I18. Hrs/week you usually worked altogether while working more than one job"
"488","f5i19","I19. Amount earned from all regular jobs in past 12 months"
"489","f5i19a","I19A. Amount earned from all regular jobs in past 12 months"
"490","f5i20","I20. Range of amount earned from all regular jobs in past 12 months"
"491","f5i21","I21. Number of weeks you worked at all regular jobs in past 12 months"
"492","f5i22","I22. Number of regular jobs lasting 2 wks or more you have had in past 12 months"
"493","f5i23","I23. Range of regular jobs lasting 2 wks or more you have had in past 12 months"
"494","f5i24a","I24A. You worked in your own business during past 12 months"
"495","f5i24b","I24B. Number of weeks you worked in your own business during last 12 months"
"496","f5i24c","I24C. Number of hrs/week during those weeks you worked in your own business"
"497","f5i24d","I24D. Paid in cash or received something else when you worked in own business"
"498","f5i24e","I24E. Amount received in last 12 months for working in your own business"
"499","f5i24e1","I24E1. Range received in last 12 months for working in own business"
"500","f5i25a","I25A. You sold drugs/prostitution/hustles during past 12 months"
"501","f5i25b","I25B. Number of weeks you sold drugs/prostitution/hustles during last 12 months"
"502","f5i25c","I25C. Number of hrs/week during those weeks you sold drugs/prostitution/hustles"
"503","f5i25d","I25D. Paid in cash or received something else when you sold drugs/prostitution/h"
"504","f5i25e","I25E. Amount received in last 12 months for selling drugs/prostitution/hustles"
"505","f5i25e1","I25E1. Range received in last 12 months for selling drugs/prostitution/hustles"
"506","f5i26a","I26A. You did something else to earn money during past 12 months"
"507","f5i26b","I26B. Number of weeks you did something else to earn money during last 12 months"
"508","f5i26c","I26C. Number of hrs/week during those weeks you did something else to earn money"
"509","f5i26d","I26D. Paid in cash or received something else when you did something else to ear"
"510","f5i26e","I26E. Amount received in last 12 months for doing something else to earn money"
"511","f5i26e1","I26E1. Range received in last 12 months for doing something else to earn money"
"512","f5j1","J1. Total household income before taxes/deductions in past 12 months"
"513","f5j1a","J1A. Range of total household income before taxes/deductions in past 12 months"
"514","f5j2","J2. You gave/loaned money to friends/relatives in past 12 months"
"515","f5j2a","J2A. Amount you gave/loaned money to friends/relatives during past 12 months"
"516","f5j4","J4. You or your wife/partner have a bank account"
"517","f5j4a","J4A. Name on bank account"
"518","f5j5","J5. You or your wife/partner have a credit card"
"519","f5j5a","J5A. Name on credit card"
"520","f5j5b","J5B. Way money is handled as a couple"
"521","f5j5c1","J5C1. Who in household responsible for making sure bills get paid"
"522","f5j5d","J5D. Who controls the money in this household"
"523","f5j6","J6. You or your wife/partner own a car/truck/van"
"524","f5j6a","J6A. Vehicle is reliable"
"525","f5j6b","J6B. Amount owed on your vehicle"
"526","f5j6b1","J6B1. Amount owed on your vehicle"
"527","f5j6c","J6C. Value of vehicle if sold"
"528","f5j6d","J6D. You or your wife/partner have debt from credit cards or store cards"
"529","f5j6e","J6E. Amount of credit card debt"
"530","f5j6f","J6F. You or your wife/partner have other loans"
"531","f5j6g","J6G. Amount you or your wife/partner owe in loans"
"532","f5j6h","J6H. You or your wife/partner have savings"
"533","f5j6i","J6I. You or your wife/partner have savings equal to 2 months total income"
"534","f5j7","J7. You have a bank account"
"535","f5j8","J8. You have a credit card"
"536","f5j9","J9. You own a car, truck, or van"
"537","f5j9a","J9A. Vehcicle is reliable"
"538","f5j9b","J9B. Amount owed on your vehicle"
"539","f5j9b1","J9B1. Amount owed on your vehicle"
"540","f5j9c","J9C. Value of vehicle if sold"
"541","f5j9d","J9D. You have debt from credit cards or store cards"
"542","f5j9e","J9E. Amount of credit card debt"
"543","f5j9f","J9F. Any other loans or money you owe to a bank/lending institution"
"544","f5j9g","J9G. Amount owned in other loans"
"545","f5j9h","J9H. You have savings"
"546","f5j9i","J9I. You have savings equal to at least 2 months total family income"
"547","f5k1","K1. How you feel about yourself as a father"
"548","f5k2","K2. How close you feel to child"
"549","f5k2a","K2A. Being a parent is harder than I thought it would be"
"550","f5k2b","K2B. I feel trapped by my responsibilities as a parent"
"551","f5k2c","K2C. Taking care of my child is much more work than pleasure"
"552","f5k2d","K2D. I often feel tired, worn out, exhausted from raising a family"
"553","f5k3a","K3A. Amount of influence you have in making decisions about child's school"
"554","f5k3b","K3B. Amount of influence you have in making decisions about child's religion"
"555","f5k3c","K3C. Amount of influence you have in making decisions about child's health care"
"556","f5k4a","K4A. Since start of school year, attended open house or back-to-school night"
"557","f5k4b","K4B. Since start of school year, attended meeting of parent-teacher organization"
"558","f5k4c","K4C. Since start of school year, gone to regularly scheduled parent-teacher conf"
"559","f5k4d","K4D. Since start of school year, attended school event - child participated"
"560","f5k4e","K4E. Since start of school year, attended school event - child did not participa"
"561","f5k4f","K4F. Since start of school year, volunteered at school or served on committee"
"562","f5k4g","K4G. Since start of school year, met with a school counselor"
"563","f5k4h","K4H. Since start of school year, visited or sat in on child's classroom"
"564","f5k4i","K4I. Since start of school year, had a conference with child's school principal"
"565","f5k4j","K4J. Since start of school year, gone to a workshop or meeting at school"
"566","f5k5a","K5A. Inconvenient meeting times made it harder to participate"
"567","f5k5b","K5B. No child care made it harder to participate"
"568","f5k5c","K5C. Getting time off from work made it harder to participate"
"569","f5k5d","K5D. Problems with safety going to the school made it harder to participate"
"570","f5k5e","K5E. School does not make family feel welcome, made it harder to participate"
"571","f5k5f","K5G. You and teacher do not speak same language, made it harder to participate"
"572","f5k5g","K5G. You and teacher do not speak the same language made it harder to participat"
"573","f5k5h","K5H. You don't hear about things going on at school, made it harder to participa"
"574","f5k6","K6. In a typical week, you talk to parents of children in child's class"
"575","f5k7","K7. Number of child's close friends you know by sight and first and last name"
"576","f5k8","K8. In last year, you talked to child's doctor about how he/she is doing"
"577","f5k8a","K8A. Could talk to child's doctor if wanted to"
"578","f5k9","K9. In last year, you talked to child's teachers about how he/she is doing"
"579","f5k9a","K9A. Could talk to child's teacher if you wanted to"
"580","f5k10a","K10A. In past year, you explained to child why something he/she did was wrong"
"581","f5k10b","K10B. In past year, you put child in 'time out'"
"582","f5k10c","K10C. In past year, you shook child"
"583","f5k10d","K10D. In past year, you hit child on the bottom with hard object"
"584","f5k10e","K10E. In past year, you gave child something else to do instead"
"585","f5k10f","K10F. In past year, you shouted, yelled, or screamed at child"
"586","f5k10g","K10G. In past year, you spanked child on the bottom with bare hand"
"587","f5k10h","K10H. In past year, you swore or cursed at child"
"588","f5k10i","K10I. In past year, you said you would send child away or kick child out of hous"
"589","f5k10j","K10J. In past year, you threatened to spank/hit but did not actually do it"
"590","f5k10k","K10K. In past year, you slapped child on hand/arm/leg"
"591","f5k10l","K10L. In past year, you took away privileges from child"
"592","f5k10m","K10M. In past year, you pinched child"
"593","f5k10n","K10N. In past year, you called child dumb/lazy or some other name like that"
"594","f5k13a","K13A. You eat breakfast with child in a typical day"
"595","f5k13b","K13B. You eat lunch with child in a typical day"
"596","f5k13c","K13C. You eat dinner with child in a typical day"
"597","f5k14a","K14A. In past month, you did household chores with child"
"598","f5k14b","K14B. In past month, you played sports or did outdoor activities with child"
"599","f5k14c","K14C. In past month, you watched TV or videos with child"
"600","f5k14d","K14D. In past month, you played video or computer games with child"
"601","f5k14e","K14E. In past month, you read books with child or talked with child about books"
"602","f5k14f","K14F. In past month, you participated in indoor activities with child"
"603","f5k14g","K14G. In past month, you talked with child about current events"
"604","f5k14h","K14H. In past month, you talked with child about his/her day"
"605","f5k14i","K14I. In past month, you checked to make sure child had completed homework"
"606","f5k14j","K14J. In past month, you helped child with homework or school assignments"
"607","f5k15","K15. In past month, you have taken child to or from school/programs/camp"
"608","f5k15a","K15A. Average number of times/month you have taken child to or from school/progr"
"609","f5k17a","K17A. I live too far away to see child"
"610","f5k17b","K17B. I don’t have enough time"
"611","f5k17c","K17C. I’m not good with children"
"612","f5k17d","K17D. I don't get along well with child's mother"
"613","f5k17e","K17E. I don’t know if this is my child"
"614","f5k17f","K17F. Child's mother won't let me see child"
"615","f5k17g","K17G. I do not get along well with members of child's mother's family"
"616","f5k17h","K17H. I cannot afford to provide financial support"
"617","f5k17i","K17I. I want to avoid child's mother's requests for financial support"
"618","f5k17j","K17J. I am afraid of child support enforcement"
"619","f5k17k","K17K. I have other family obligations"
"620","f5k17l","K17L. My work hours prevent me from visiting child"
"621","f5k17m","K17M. I am no longer sure child is mine"
"622","f5k18","K18. Number of nights per month you would like child to stay with you"
"623","f5k19","K19. Frequency you talk on telephone with child"
"624","f5cs","(unlabeled)"
"625","f5a3a1_1","A3A1_1. Legal custody agreement that child would live elsewhere"
"626","f5a3a1_2","A3A1_2. Voluntarily gave up custody"
"627","f5a3a1_3","A3A1_3. Informal agreement that someone else would take care of child"
"628","f5a3a1_4","A3A1_4. Child Protective Services or another agency removed child from your home"
"629","f5a3a1_5","A3A1_5. Child went away to school"
"630","f5a3a1_6","A3A1_6. Child was old enough to leave home"
"631","f5a3a1_7","A3A1_7. Child needed to live closer to school"
"632","f5a3a1_8","A3A1_8. You had financial problems"
"633","f5a3a1_9","A3A1_9. You had health problems"
"634","f5a3a1_10","A3A1_10. Child had health problems"
"635","f5a3a1_11","A3A1_11. There were problems with neighborhood safety"
"636","f5a3a1_12","A3A1_12. Child taken by other parent or kidnapped"
"637","f5a3a1_13","A3A1_13. Relationship with mother ended"
"638","f5a3a1_91","A3A1_91. Another reason"
"639","f5a3i_1","A3I_1. Legal custody agreement that child would live elsewhere"
"640","f5a3i_2","A3I_2. Voluntarily gave up custody"
"641","f5a3i_3","A3I_3. Informal agreement that someone else would take care of child"
"642","f5a3i_4","A3I_4. Child Protective Services or another agency removed child from your home"
"643","f5a3i_5","A3I_5. Child went away to school"
"644","f5a3i_6","A3I_6. Child was old enough to leave home"
"645","f5a3i_7","A3I_7. Child needed to live closer to school"
"646","f5a3i_8","A3I_8. You had financial problems"
"647","f5a3i_9","A3I_9. You had health problems"
"648","f5a3i_10","A3I_10. Child had health problems"
"649","f5a3i_11","A3I_11. There were problems with neighborhood safety"
"650","f5a3i_12","A3I_12. Child taken by other parent or kidnapped"
"651","f5a3i_13","A3I_13. Relationship with mother ended"
"652","f5a3i_91","A3I_91. Another reason"
"653","f5a4k_1","A4K_1. Financial reasons (don't have work/money)"
"654","f5a4k_2","A4K_2. Distance (don't live in same town)"
"655","f5a4k_3","A4K_3. Mother's incarceration"
"656","f5a4k_4","A4K_4. Father's incarceration"
"657","f5a4k_5","A4K_5. Relationship reasons (Don't get along, too young, not in love, etc)"
"658","f5a4k_6","A4K_6. Drug or alcohol problem"
"659","f5a4k_7","A4K_7. Violent/abusive"
"660","f5a4k_91","A4K_91. Other (specify)"
"661","f5a6g01_1","A6G01_1. You had a legal custody agreement that child would live elsewhere"
"662","f5a6g01_2","A6G01_2. You voluntarily gave up custody of child"
"663","f5a6g01_3","A6G01_3. You had an informal agreement that someone else would take care of chil"
"664","f5a6g01_4","A6G01_4. Child Protective Services or another agency removed child from your hom"
"665","f5a6g01_5","A6G01_5. Child went away to school"
"666","f5a6g01_6","A6G01_6. Child was old enough to leave home"
"667","f5a6g01_7","A6G01_7. Child needed to live closer to school"
"668","f5a6g01_8","A6G01_8. You had financial problems"
"669","f5a6g01_9","A6G01_9. You had health problems"
"670","f5a6g01_10","A6G01_10. Child had health problems"
"671","f5a6g01_11","A6G01_11. There were problems with neighborhood safety"
"672","f5a6g01_12","A6G01_12. Child was taken by another parent or kidnapped"
"673","f5a6g01_13","a6g01_13. relationship with mother of child ended"
"674","f5a6g01_91","A6G01_91. Child no longer living with you for another reason"
"675","f5a6g02_1","A6G02_1. You had a legal custody agreement that child would live elsewhere"
"676","f5a6g02_2","A6G02_2. You voluntarily gave up custody of child"
"677","f5a6g02_3","A6G02_3. You had an informal agreement that someone else would take care of chil"
"678","f5a6g02_4","A6G02_4. Child Protective Services or another agency removed child from your hom"
"679","f5a6g02_5","A6G02_5. Child went away to school"
"680","f5a6g02_6","A6G02_6. Child was old enough to leave home"
"681","f5a6g02_7","A6G02_7. Child needed to live closer to school"
"682","f5a6g02_8","A6G02_8. You had financial problems"
"683","f5a6g02_9","A6G02_9. You had health problems"
"684","f5a6g02_10","A6G02_10. Child had health problems"
"685","f5a6g02_11","A6G02_11. There were problems with neighborhood safety"
"686","f5a6g02_12","A6G02_12. Child was taken by another parent or kidnapped"
"687","f5a6g02_13","a6g02_13. relationship with mother of child ended"
"688","f5a6g02_91","A6G02_91. Child no longer living with you for another reason"
"689","f5a6g03_1","A6G03_1. You had a legal custody agreement that child would live elsewhere"
"690","f5a6g03_2","A6G03_2. You voluntarily gave up custody of child"
"691","f5a6g03_3","A6G03_3. You had an informal agreement that someone else would take care of chil"
"692","f5a6g03_4","A6G03_4. Child Protective Services or another agency removed child from your hom"
"693","f5a6g03_5","A6G03_5. Child went away to school"
"694","f5a6g03_6","A6G03_6. Child was old enough to leave home"
"695","f5a6g03_7","A6G03_7. Child needed to live closer to school"
"696","f5a6g03_8","A6G03_8. You had financial problems"
"697","f5a6g03_9","A6G03_9. You had health problems"
"698","f5a6g03_10","A6G03_10. Child had health problems"
"699","f5a6g03_11","A6G03_11. There were problems with neighborhood safety"
"700","f5a6g03_12","A6G03_12. Child was taken by another parent or kidnapped"
"701","f5a6g03_13","a6g03_13. relationship with mother of child ended"
"702","f5a6g03_91","A6G03_91. Child no longer living with you for another reason"
"703","f5b26x_1","B26X_1. Aggravated assault/rape/murder"
"704","f5b26x_2","B26X_2. Simple assault"
"705","f5b26x_3","B26X_3. Robbery/theft/larceny"
"706","f5b26x_4","B26X_4. Possession/use/sale of illicit drugs"
"707","f5b26x_5","B26X_5. Major traffic offense"
"708","f5b26x_6","B26X_6. Non-payment of child support"
"709","f5b26x_7","B26X_7. Parole or probation violation"
"710","f5b26x_8","B26X_8. Weapons"
"711","f5b26x_9","B26X_9. Minor infractions"
"712","f5b26x_10","B26X_10. Domestic violence or child abuse"
"713","f5b26x_91","B26X_91. Other (specify)"
"714","f5b6a2_1","B6A2_1. Financial reasons/father not able to provide support"
"715","f5b6a2_2","B6A2_2. Mother doesn't get along with father"
"716","f5b6a2_3","B6A2_3. Father not a good parent/Father a bad influence"
"717","f5b6a2_91","B6A2_91. Other (specify)"
"718","f5b8c_1","B8C_1. Financial reasons/father not able to provide support"
"719","f5b8c_2","B8C_2. Mother doesn't get along with father"
"720","f5b8c_3","B8C_3. Father not a good parent/Father a bad influence"
"721","f5b8c_91","B8C_91. Other (specify)"
"722","f5b11a_1","B11A_1. Agreement changed to include another child"
"723","f5b11a_2","B11A_2. Agreement changed because of change in father's economic circumstances"
"724","f5b11a_3","B11A_3. Agreement changed because of change in mother's economic circumstances"
"725","f5b11a_91","B11A_91. Agreement changed because other (specify)"
"726","f5b17d_1","B17D_1. Garnished father's wages"
"727","f5b17d_2","B17D_2. Seized father's income tax refund"
"728","f5b17d_3","B17D_3. Suspended father's driver's license"
"729","f5b17d_4","B17D_4. Suspended father's liquid assets"
"730","f5b17d_5","B17D_5. Put a lien on father's personal property"
"731","f5b17d_6","B17D_6. Suspended father's business or professional license"
"732","f5b17d_7","B17D_7. Sent father to prison or jail"
"733","f5b17d_8","B17D_8. Put father on probation"
"734","f5b17d_91","B17D_91. Other (specify)"
"735","f5e2a_1","E2A_1. Respondent's parents gave financial help or money"
"736","f5e2a_2","E2A_2. Other relatives of father gave financial help or money"
"737","f5e2a_3","E2A_3. Mother gave financial help or money"
"738","f5e2a_4","E2A_4. Mother's parents gave financial help or money"
"739","f5e2a_5","E2A_5. Other relatives of mother gave financial help or money"
"740","f5e2a_6","E2A_6. Friend(s) gave financial help or money"
"741","f5e2a_7","E2A_7. Girlfriend/partner gave financial help or money"
"742","f5e2a_8","E2A_8. Partner's family gave financial help or money"
"743","f5e2a_91","E2A_91. Other (specify) gave financial help or money"
"744","f5e9_0","E9_0. Child could ask no one for help/advice other than you"
"745","f5e9_1","E9_1. Child could ask your parents for help/advice"
"746","f5e9_2","E9_2. Child could ask child's mother for help/advice"
"747","f5e9_3","E9_3. Child could ask child's mother's parents/relatives for help/advice"
"748","f5e9_4","E9_4. Child could ask other relatives for help/advice"
"749","f5e9_5","E9_5. Child could ask friends/neighbors/co-workers for help/advice"
"750","f5e9_6","E9_6. Child could ask your partner/spouse for help/advice"
"751","f5e9_7","E9_7. Child could ask your partner/spouse's parents/relatives for help/advice"
"752","f5e8_0","E8_0. You could ask no one for help/advice"
"753","f5e8_1","E8_1. You could ask your parents for help/advice"
"754","f5e8_2","E8_2. You could ask child's mother for help/advice"
"755","f5e8_3","E8_3. You could ask child's mother's parents/relatives for help/advice"
"756","f5e8_4","E8_4. You could ask other relatives for help/advice"
"757","f5e8_5","E8_5. You could ask friends/neighbors/co-workers for help/advice"
"758","f5e8_6","E8_6. You could ask your partner/spouse for help/advice"
"759","f5e8_7","E8_7. You could ask your partner/spouse's parents/relatives for help/advice"
"760","f5f16a_1","F16A_1. Required to look for a job"
"761","f5f16a_2","F16A_2. Required to work in a paid job"
"762","f5f16a_3","F16A_3. Required to work in an unpaid job"
"763","f5f16a_4","F16A_4. Required to attend school or training"
"764","f5f16a_91","F16A_91. Required to other (specify)"
"765","f5f26b2_1","F26B2_1. Aggravated assault/rape/murder"
"766","f5f26b2_2","F26B2_2. Simple assault"
"767","f5f26b2_3","F26B2_3. Robbery/theft/larceny"
"768","f5f26b2_4","F26B2_4. Possession/use/sale of illicit drugs"
"769","f5f26b2_5","F26B2_5. Major traffic offense"
"770","f5f26b2_6","F26B2_6. Non-payment of child support"
"771","f5f26b2_7","F26B2_7. Parole or probation violation"
"772","f5f26b2_8","F26B2_8. Weapons"
"773","f5f26b2_9","F26B2_9. Minor infractions"
"774","f5f26b2_10","F26B2_10. Domestic violence or child abuse"
"775","f5f26b2_91","F26B2_91. Other (specify)"
"776","f5f28a_1","F28A_1. Aggravated assault/rape/murder"
"777","f5f28a_2","F28A_2. Simple assault"
"778","f5f28a_3","F28A_3. Robbery/theft/larceny"
"779","f5f28a_4","F28A_4. Possession/use/sale of illicit drugs"
"780","f5f28a_5","F28A_5. Major traffic offense"
"781","f5f28a_6","F28A_6. Non-payment of child support"
"782","f5f28a_7","F28A_7. Parole or probation violation"
"783","f5f28a_8","F28A_8. Weapons"
"784","f5f28a_9","F28A_9. Minor infractions"
"785","f5f28a_10","F28A_10. Domestic violence or child abuse"
"786","f5f28a_91","F28A_91. Other (specify)"
"787","f5g2a_1","G2A_1. Diabetes"
"788","f5g2a_2","G2A_2. Asthma"
"789","f5g2a_3","G2A_3. High blood pressure"
"790","f5g2a_4","G2A_4. Pain"
"791","f5g2a_5","G2A_5. Seizures/epilepsy"
"792","f5g2a_6","G2A_6. Heart disease"
"793","f5g2a_7","G2A_7. Back problems"
"794","f5g2a_91","G2A_91. Other (specify)"
"795","f5g23a_1","G23A_1. Counseling or therapy for depression"
"796","f5g23a_2","G23A_2. Counseling or therapy for anxiety"
"797","f5g23a_3","G23A_3. Counseling or therapy for attention problems"
"798","f5g23a_4","G23A_4. Counseling or therapy for alcohol problems"
"799","f5g23a_5","G23A_5. Counseling or therapy for drug use problems"
"800","f5g23a_91","G23A_91. Counseling or therapy for anything else (specify)"
"801","f5i2_1","I2_1. Attending regular high school"
"802","f5i2_2","I2_2. Attending GED or ABE program"
"803","f5i2_3","I2_3. Attending ESL program"
"804","f5i2_4","I2_4. Attending nursing school (LPN or RN)"
"805","f5i2_5","I2_5. Attending business or secretarial school"
"806","f5i2_6","I2_6. Attending program to improve reading"
"807","f5i2_7","I2_7. Attending vocational/technical/trade school"
"808","f5i2_8","I2_8. Attending job corps"
"809","f5i2_9","I2_9. Attending junior/community college (2 yr)"
"810","f5i2_10","I2_10. Attending college (4 yr)"
"811","f5i2_11","I2_11. Attending other type of school (specify)"
"812","f5i2_12","I2_12. Attending other type of training (specify)"
"813","f5i2_13","I2_13. Attending program to learn job skills"
"814","f5i2_14","I2_14. Attending program to help get a job"
"815","f5i2_15","I2_15. Attending graduate/professional school"
"816","f5i3a_1","I3A_1. Completed regular high school"
"817","f5i3a_2","I3A_2. Completed GED or ABE program"
"818","f5i3a_3","I3A_3. Completed ESL program"
"819","f5i3a_4","I3A_4. Completed nursing school (LPN or RN)"
"820","f5i3a_5","I3A_5. Completed business or secretarial school"
"821","f5i3a_6","I3A_6. Completed program to improve reading"
"822","f5i3a_7","I3A_7. Completed vocational/technical/trade school"
"823","f5i3a_8","I3A_8. Completed job corps"
"824","f5i3a_9","I3A_9. Completed junior/community college degree (2 yr)"
"825","f5i3a_10","I3A_10. Completed college degree (4 yr)"
"826","f5i3a_11","I3A_11. Completed other type of school (specify)"
"827","f5i3a_12","I3A_12. Completed other type of training (specify)"
"828","f5i3a_13","I3A_13. Completed program to learn job skills"
"829","f5i3a_14","I3A_14. Completed program to help get a job"
"830","f5i3a_15","I3A_15. Completed some college"
"831","f5i3a_16","I3A_16. Completed graduate/professional school"
"832","f5i24g_1","I24G_1. Received meals"
"833","f5i24g_2","I24G_2. Received clothing"
"834","f5i24g_3","I24G_3. Received a place to live"
"835","f5i24g_4","I24G_4. Received child care"
"836","f5i24g_91","I24G_91. Received other (specify)"
"837","f5i25g_1","I25G_1. Received meals"
"838","f5i25g_2","I25G_2. Received clothing"
"839","f5i25g_3","I25G_3. Received a place to live"
"840","f5i25g_4","I25G_4. Received child care"
"841","f5i25g_91","I25G_91. Received other (specify)"
"842","f5i26g_1","I26G_1. Received meals"
"843","f5i26g_2","I26G_2. Received clothing"
"844","f5i26g_3","I26G_3. Received a place to live"
"845","f5i26g_4","I26G_4. Received child care"
"846","f5i26g_91","I26G_91. Received other (specify)"
"847","f5a3a1_101","A3A1_101. One parent moved away"
"848","f5a3a1_102","A3A1_102. Father incarcerated"
"849","f5a3a1_103","A3A1_103. Work/school obligations interfered"
"850","f5a3h_101","a3h_101. split 50/50 each week"
"851","f5a3h_102","a3h_102. father has child mostly on weekends"
"852","f5a3h_103","a3h_103. father has child summers"
"853","f5a3h_104","a3h_104. father sees child part of each day"
"854","f5a3h_105","a3h_105. father sees child 1-2 weeks (at a time) per month"
"855","f5a3h_106","a3h_106. parents share custody because living together"
"856","f5a3h_107","a3h_107. parents split year in half"
"857","f5a3h_108","a3h_108. child only occasionally with father"
"858","f5a3h_109","a3h_109. child only occasionally with other caretaker"
"859","f5a3h_110","a3h_110. child never with father"
"860","f5a3i_102","A3I_102. Incarcerated"
"861","f5a3i_101","A3I_101. Shared custody"
"862","f5a3i_103","A3I_103. Work interference"
"863","f5a4k_101","A4K_101. Infidelity"
"864","f5a6g01_10","1 A6G01_101. Father busy with work"
"865","f5a6g01_10","2 A6G01_102. Father incarcerated"
"866","f5a6g01_10","3 A6G01_103. Parents moved to different places"
"867","f5a6g01_10","4 A6G01_104. Father's living space inadequate"
"868","f5a6g01_10","5 A6G01_105. Child never lived with father"
"869","f5a6g01_10","6 A6G01_106. Child chose to live elsewhere"
"870","f5a6g02_10","2 A6G02_102. Father incarcerated"
"871","f5a6g02_10","3 A6G02_103. Parents moved to different places"
"872","f5a6g02_10","4 A6G02_104. Father's living space inadequate"
"873","f5a6g02_10","5 A6G02_105. Child never lived with father"
"874","f5a6g02_10","6 A6G02_106. Child chose to live elsewhere"
"875","f5a6g03_10","2 A6G03_102. Father incarcerated"
"876","f5a6g03_10","3 A6G03_103. Parents moved to different places"
"877","f5a6g03_10","4 A6G03_104. Father's living space inadequate"
"878","f5a6g03_10","5 A6G03_105. Child never lived with father"
"879","f5a6g03_10","6 A6G03_106. Child chose to live elsewhere"
"880","f5b11a_101","B11A_101. Mother violated original agreement"
"881","f5b11a_102","B11A_102. Agreement was dropped"
"882","f5b11a_103","B11A_103. Parents now live together"
"883","f5b11a_104","B11A_104. Father was incarcerated"
"884","f5b11a_105","B11A_105. Child custody changed"
"885","f5b11a_106","B11A_106. No legal agreement ever existed"
"886","f5b17d_101","B17D_101. No actual punishment so far"
"887","f5b17d_102","B17D_102. Letters only"
"888","f5b17d_103","B17D_103. Increased father's payments"
"889","f5b22_101","B22_101. Candy, junk food, or incidentals"
"890","f5b22_102","B22_102. Health and medical supplies"
"891","f5b22_103","B22_103. Allowance or spending money"
"892","f5b22_104","B22_104. Special events or outings"
"893","f5b22_105","B22_105. Sports or extracurricular needs"
"894","f5b22_106","B22_106. Everything/whatever she or he wants"
"895","f5b22_107","B22_107. BioFather lives with child"
"896","f5b22_108","B22_108. Transportation costs"
"897","f5f7_101","f7_101. food stamps"
"898","f5f7_102","f7_102. SSI/disability"
"899","f5f7_103","f7_103. veteran's affairs"
"900","f5f7_104","f7_104. health and medical"
"901","f5g2a_101","G2A_101. Leg/Arm/Hand/Foot"
"902","f5g2a_102","G2A_102. Eye/Sight"
"903","f5g2a_103","G2A_103. Breathing/Lung"
"904","f5g2a_104","G2A_104. Mental disorder"
"905","f5g2a_105","G2A_105. Arthritis"
"906","f5g2a_106","G2A_106. Shoulder"
"907","f5g2a_107","G2A_107. Gastrointestinal"
"908","f5g2a_108","G2A_108. Kidney"
"909","f5g2a_109","G2A_109. Paralysis"
"910","f5g2b1_101","G2B1_101. You take prescribed medication for high cholesterol"
"911","f5g2b1_102","G2B1_102. You take prescribed medication for mental disorder"
"912","f5g2b1_103","G2B1_103. You take prescribed medication for allergies"
"913","f5g2b1_104","G2B1_104. You take prescribed medication for post-surgery"
"914","f5g2b1_105","G2B1_105. You take prescribed medication for heart ailment/chest pain"
"915","f5g2b1_106","G2B1_106. You take prescribed medication for digestive issues"
"916","f5g23a_101","G23A_101. Marriage/Relationship counseling"
"917","f5g23a_102","G23A_102. Anger management"
"918","f5i2_101","I2_101. Online educational course"
"919","f5i2_102","I2_102. Professional development"
"920","f5i3a_101","I3A_101. Online educational course"
"921","f5i3a_102","I3A_102. Professional development"
"922","f5i24g_101","I24G_101. Received no compensation"
"923","f5i24g_102","i24g_102. paid with checks"
"924","f5i12a_cod","e I12A_CODE. Code for father's occupation"
"925","f5i24aos_c","ode I24AOS_CODE. Code for father's other source of income"
"926","f5i26aos_c","ode I26AOS_CODE. Code for father's other source of income"
"927","cf5_bdadst","at Biodad survey status variable"
"928","cf5hhsize","Number of people in father's household. Includes father and focal child (if foca"
"929","cf5gmom","Constructed -- Focal child's grandmother lives in biodad's household"
"930","cf5gdad","Constructed -- Focal child's grandfather lives in biodad's household"
"931","cf5adult","Number of adults (18+) in father's household. Includes father."
"932","cf5kids","Number of children (<18) in father's household. Includes focal child (if focal l"
"933","cf5hhgridf","lag Flag -Father not asked about Household Grid"
"934","cf5intyr","Constructed --father's interview year"
"935","cf5intmon","Constructed --father's interview month"
"936","cf5fint","Constructed - Father interviewed at nine-year follow-up"
"937","cf5tele","Constructed - Interview conducted by telephone"
"938","cf5span","Constructed - Interview conducted in Spanish"
"939","cf5new108","Constructed - Father first interviewed at nine-year follow-up"
"940","cf5marp","Constructed - Father married to new partner at nine-year"
"941","cf5marm","Constructed - Father married to child's mother at nine-year"
"942","cf5cohm","Constructed - Father living with child's mother at nine-year"
"943","cf5cohp","Constructed - Father living with new partner at nine-year"
"944","cf5age","Constructed - Father's age (years)"
"945","cf5b_age","Constructed - Child age at time of father interview (months)"
"946","cf5b_ageyr","s Constructed - Child age at time of father interview (years)"
"947","cf5natsm","Constructed - Nine-year national sample flag"
"948","cf5citsm","Constructed - Five-year city sample flag"
"949","cf5twoc","Constructed - Two cities flag"
"950","cf5md_case","_con Constructed - Father meets depression criteria (conservative) at nine-year (CIDI"
"951","cf5md_case","_lib Constructed - Father meets depression criteria (liberal) at nine-year (CIDI)"
"952","cf5finjail","Constructed - father report, father in jail at his nine-year interview"
"953","cf5fevjail","Constructed - father report, father has spent time in jail by his nine-year inte"
"954","cf5edu","Father's education: year 9"
"955","cf5hhinc","Constructed - Father's Household income (with imputed values)"
"956","cf5hhimp","Flag var for household income imputation - fathers"
"957","cf5hhincb","Constructed - Household income mother report for married/cohab if available (wit"
"958","cf5hhimpb","Flag var for household income imputation - fathers, using mother reports for mar"
"959","cf5povco","Constructed - father's household income/poverty threshold at 9-year"
"960","cf5povcob","Constructed - father's household income/poverty threshold at 9-year, mother repo"
"961","cf5povca","Constructed - Father's poverty category at 9-year"
"962","cf5povcab","Constructed - Father's poverty category at 9-year, mother reports for married/co"
"963","cf5samp","Constructed - Y9 reason for father non-response"
